Page	Section	Group	Field	Instance	Length	Variant	Example#	XPath	ExtID	English	English (pattern)	French	French (pattern)	Level	Var 1	Var 2	Pattern Format	Worksheet
Core	Alphabet		characters	auxiliary			0	//ldml/characters/exemplarCharacters[@type="auxiliary"]		[áàăâåäãā æ ç éèĕêëē íìĭîïī ñ óòŏôöøō œ úùŭûüū ÿ]		[áåäãā ć ē íìī ĳ ñ óòöõø ř šſ ß úǔ]		Basic				5
Core	Alphabet		characters	main			0	//ldml/characters/exemplarCharacters		[a b c d e f g h i j k l m n o p q r s t u v w x y z]		[aàâ æ b cç d eéèêë f g h iîï j k l m n oô œ p q r s t uùûü v w x yÿ z]		Basic				5
Core	Alphabet		characters	numbers			0	//ldml/characters/exemplarCharacters[@type="numbers"]		[\- ‑ , . % ‰ + 0 1 2 3 4 5 6 7 8 9]		[  \- ‑ , . % ‰ + − 0 1 2² 3³ 4 5 6 7 8 9 ᵈ ᵉ ʳ ˢ]		Basic				5
Core	Alphabet		characters	punctuation			0	//ldml/characters/exemplarCharacters[@type="punctuation"]		[\- ‐‑ – — , ; \: ! ? . … '‘’ &quot;“” ( ) \[ \] § @ * / \&amp; # † ‡ ′ ″]		[\- ‐‑ – — , ; \: ! ? . … ’ "“” « » ( ) \[ \] § @ * / \& # † ‡]		Basic				5
Core	Alphabet		characters	uppercase			0	//ldml/characters/exemplarCharacters[@type="index"]		[A B C D E F G H I J K L M N O P Q R S T U V W X Y Z]		[A B C D E F G H I J K L M N O P Q R S T U V W X Y Z]		Moderate				5
Core	Symbols		Minimum Grouping Digits				0	//ldml/numbers/minimumGroupingDigits		1		1		Moderate				5
Core	Alphabet		numberingSystem	default			0	//ldml/numbers/defaultNumberingSystem		latn		latn		Basic				5
Core	Alphabet		numberingSystem	native			0	//ldml/numbers/otherNumberingSystems/native		latn		latn		Basic				5
Core	Plurals	Base	plurals	book		one	1	//ldml/numbers/minimalPairs/pluralMinimalPairs[@count="one"]	uli-594_76	1 book		1 livre					sentence	2_1
Core	Plurals	Base	plurals	book		two	1	//ldml/numbers/minimalPairs/pluralMinimalPairs[@count="two"]	uli-594_77	2 books		2 livres					sentence	2_1
Core	Plurals	Base	plurals	book		many	1	//ldml/numbers/minimalPairs/pluralMinimalPairs[@count="many"]	uli-594_78	5 books		5 livres					sentence	2_1
Core	Plurals	Base	plurals	book		other	1	//ldml/numbers/minimalPairs/pluralMinimalPairs[@count="other"]	uli-594_79	10 books		10 livres					sentence	2_1
Core	Plurals	Base	plurals	book			1	//ldml/numbers/minimalPairs/pluralMinimalPairs[@count=""]	uli-594_80	book		livre						2_1
Core	Plurals	Time	plurals	d		one	1	//ldml/units/unitLength[@type="long"]/unit[@type="duration-day"]/unitPattern[@count="one"]	uli-594_10		{0} day		{0} jour	Modern	1		sub	2_1
Core	Plurals	Time	plurals	d		two	1	//ldml/units/unitLength[@type="long"]/unit[@type="duration-day"]/unitPattern[@count="two"]	uli-594_11						2		sub	2_1
Core	Plurals	Time	plurals	d		other	1	//ldml/units/unitLength[@type="long"]/unit[@type="duration-day"]/unitPattern[@count="other"]	uli-594_12		{0} days		{0} jours	Modern	5		sub	2_1
Core	Plurals	Time	plurals	d	long	one	2	//ldml/units/unitLength[@type="long"]/unit[@type="duration-day"]/unitPattern[@count="one"]	uli-594_31					Modern	1		sentence	2_1
Core	Plurals	Time	plurals	d	long	two	2	//ldml/units/unitLength[@type="long"]/unit[@type="duration-day"]/unitPattern[@count="two"]	uli-594_32						2		sentence	2_1
Core	Plurals	Time	plurals	d	long	many	2	//ldml/units/unitLength[@type="long"]/unit[@type="duration-day"]/unitPattern[@count="other"]	uli-594_33					Modern	5		sentence	2_1
Core	Plurals	Time	plurals	h		one	1	//ldml/units/unitLength[@type="long"]/unit[@type="duration-hour"]/unitPattern[@count="one"]	uli-594_1		{0} hour		{0} heure	Modern	1		sub	2_1
Core	Plurals	Time	plurals	h		two	1	//ldml/units/unitLength[@type="long"]/unit[@type="duration-hour"]/unitPattern[@count="two"]	uli-594_2						2		sub	2_1
Core	Plurals	Time	plurals	h		other	1	//ldml/units/unitLength[@type="long"]/unit[@type="duration-hour"]/unitPattern[@count="other"]	uli-594_3		{0} hours		{0} heures	Modern	5		sub	2_1
Core	Plurals	Time	plurals	h	long	one	2	//ldml/units/unitLength[@type="long"]/unit[@type="duration-hour"]/unitPattern[@count="one"]	uli-594_22					Modern	1		sentence	2_1
Core	Plurals	Time	plurals	h	long	two	2	//ldml/units/unitLength[@type="long"]/unit[@type="duration-hour"]/unitPattern[@count="two"]	uli-594_23						2		sentence	2_1
Core	Plurals	Time	plurals	h	long	many	2	//ldml/units/unitLength[@type="long"]/unit[@type="duration-hour"]/unitPattern[@count="other"]	uli-594_24					Modern	5		sentence	2_1
Core	Plurals	Time	plurals	m		one	1	//ldml/units/unitLength[@type="long"]/unit[@type="duration-minute"]/unitPattern[@count="one"]	uli-594_4		{0} minute		{0} minute	Modern	1		sub	2_1
Core	Plurals	Time	plurals	m		two	1	//ldml/units/unitLength[@type="long"]/unit[@type="duration-minute"]/unitPattern[@count="two"]	uli-594_5						2		sub	2_1
Core	Plurals	Time	plurals	m		other	1	//ldml/units/unitLength[@type="long"]/unit[@type="duration-minute"]/unitPattern[@count="other"]	uli-594_6		{0} minutes		{0} minutes	Modern	5		sub	2_1
Core	Plurals	Time	plurals	M		one	1	//ldml/units/unitLength[@type="long"]/unit[@type="duration-month"]/unitPattern[@count="one"]	uli-594_16		{0} month		{0} mois	Modern	1		sub	2_1
Core	Plurals	Time	plurals	M		two	1	//ldml/units/unitLength[@type="long"]/unit[@type="duration-month"]/unitPattern[@count="two"]	uli-594_17						2		sub	2_1
Core	Plurals	Time	plurals	M		other	1	//ldml/units/unitLength[@type="long"]/unit[@type="duration-month"]/unitPattern[@count="other"]	uli-594_18		{0} months		{0} mois	Modern	5		sub	2_1
Core	Plurals	Time	plurals	m	long	one	2	//ldml/units/unitLength[@type="long"]/unit[@type="duration-minute"]/unitPattern[@count="one"]	uli-594_25					Modern	1		sentence	2_1
Core	Plurals	Time	plurals	m	long	two	2	//ldml/units/unitLength[@type="long"]/unit[@type="duration-minute"]/unitPattern[@count="two"]	uli-594_26						2		sentence	2_1
Core	Plurals	Time	plurals	m	long	many	2	//ldml/units/unitLength[@type="long"]/unit[@type="duration-minute"]/unitPattern[@count="other"]	uli-594_27					Modern	5		sentence	2_1
Core	Plurals	Time	plurals	M	long	one	2	//ldml/units/unitLength[@type="long"]/unit[@type="duration-month"]/unitPattern[@count="one"]	uli-594_37					Modern	1		sentence	2_1
Core	Plurals	Time	plurals	M	long	two	2	//ldml/units/unitLength[@type="long"]/unit[@type="duration-month"]/unitPattern[@count="two"]	uli-594_38						2		sentence	2_1
Core	Plurals	Time	plurals	M	long	many	2	//ldml/units/unitLength[@type="long"]/unit[@type="duration-month"]/unitPattern[@count="other"]	uli-594_39					Modern	5		sentence	2_1
Core	Plurals	Time	plurals	s		one	1	//ldml/units/unitLength[@type="long"]/unit[@type="duration-second"]/unitPattern[@count="one"]	uli-594_7		{0} second		{0} seconde	Modern	1		sub	2_1
Core	Plurals	Time	plurals	s		two	1	//ldml/units/unitLength[@type="long"]/unit[@type="duration-second"]/unitPattern[@count="two"]	uli-594_8						2		sub	2_1
Core	Plurals	Time	plurals	s		other	1	//ldml/units/unitLength[@type="long"]/unit[@type="duration-second"]/unitPattern[@count="other"]	uli-594_9		{0} seconds		{0} secondes	Modern	5		sub	2_1
Core	Plurals	Time	plurals	s	long	one	2	//ldml/units/unitLength[@type="long"]/unit[@type="duration-second"]/unitPattern[@count="one"]	uli-594_28					Modern	1		sentence	2_1
Core	Plurals	Time	plurals	s	long	two	2	//ldml/units/unitLength[@type="long"]/unit[@type="duration-second"]/unitPattern[@count="two"]	uli-594_29						2		sentence	2_1
Core	Plurals	Time	plurals	s	long	many	2	//ldml/units/unitLength[@type="long"]/unit[@type="duration-second"]/unitPattern[@count="other"]	uli-594_30					Modern	5		sentence	2_1
Core	Plurals	Base	plurals	song		one	2	//ldml/numbers/minimalPairs/pluralMinimalPairs[@count="one"]	uli-594_81	1 song		1 chanson					sentence	2_1
Core	Plurals	Base	plurals	song		two	2	//ldml/numbers/minimalPairs/pluralMinimalPairs[@count="two"]	uli-594_82	2 songs		2 chansons					sentence	2_1
Core	Plurals	Base	plurals	song		many	2	//ldml/numbers/minimalPairs/pluralMinimalPairs[@count="many"]	uli-594_83	5 songs		5 chansons					sentence	2_1
Core	Plurals	Base	plurals	song		other	2	//ldml/numbers/minimalPairs/pluralMinimalPairs[@count="other"]	uli-594_84	10 songs		10 chansons					sentence	2_1
Core	Plurals	Base	plurals	song			2	//ldml/numbers/minimalPairs/pluralMinimalPairs[@count=""]	uli-594_85	song		chanson						2_1
Core	Plurals	Time	plurals	w		one	1	//ldml/units/unitLength[@type="long"]/unit[@type="duration-week"]/unitPattern[@count="one"]	uli-594_13		{0} week		{0} semaine	Modern	1		sub	2_1
Core	Plurals	Time	plurals	w		two	1	//ldml/units/unitLength[@type="long"]/unit[@type="duration-week"]/unitPattern[@count="two"]	uli-594_14						2		sub	2_1
Core	Plurals	Time	plurals	w		other	1	//ldml/units/unitLength[@type="long"]/unit[@type="duration-week"]/unitPattern[@count="other"]	uli-594_15		{0} weeks		{0} semaines	Modern	5		sub	2_1
Core	Plurals	Time	plurals	w	long	one	2	//ldml/units/unitLength[@type="long"]/unit[@type="duration-week"]/unitPattern[@count="one"]	uli-594_34					Modern	1		sentence	2_1
Core	Plurals	Time	plurals	w	long	two	2	//ldml/units/unitLength[@type="long"]/unit[@type="duration-week"]/unitPattern[@count="two"]	uli-594_35						2		sentence	2_1
Core	Plurals	Time	plurals	w	long	many	2	//ldml/units/unitLength[@type="long"]/unit[@type="duration-week"]/unitPattern[@count="other"]	uli-594_36					Modern	5		sentence	2_1
Core	Plurals	Time	plurals	y		one	1	//ldml/units/unitLength[@type="long"]/unit[@type="duration-year"]/unitPattern[@count="one"]	uli-594_19		{0} year		{0} an	Modern	1		sub	2_1
Core	Plurals	Time	plurals	y		two	1	//ldml/units/unitLength[@type="long"]/unit[@type="duration-year"]/unitPattern[@count="two"]	uli-594_20						2		sub	2_1
Core	Plurals	Time	plurals	y		other	1	//ldml/units/unitLength[@type="long"]/unit[@type="duration-year"]/unitPattern[@count="other"]	uli-594_21		{0} years		{0} ans	Modern	5		sub	2_1
Core	Plurals	Time	plurals	y	long	one	2	//ldml/units/unitLength[@type="long"]/unit[@type="duration-year"]/unitPattern[@count="one"]	uli-594_40	I finish school in 1 year.		Je termine mes études dans un an.		Modern	1		sentence	2_1
Core	Plurals	Time	plurals	y	long	two	2	//ldml/units/unitLength[@type="long"]/unit[@type="duration-year"]/unitPattern[@count="two"]	uli-594_41	I finish school in 2 years.		Je termine mes études dans 2 ans.			2		sentence	2_1
Core	Plurals	Time	plurals	y	long	many	2	//ldml/units/unitLength[@type="long"]/unit[@type="duration-year"]/unitPattern[@count="other"]	uli-594_42	I finish school in 5 years.		Je termine mes études dans 5 ans.		Modern	5		sentence	2_1
Core	Quotes		quotes				1	//ldml/delimiters/quotationStart	uli-594_86	When I walked into the room, she said "Hello"		Quand je suis entrée dans la pièce, elle a dit « Bonjour ».		Basic			sentence	2_1
Core	Quotes		quotes				2	//ldml/delimiters/quotationStart	uli-594_87	When I walked into the room, he said "Would you like some coffee?"		Quand je suis entré dans la pièce, il m'a dit : « Voulez-vous un café ? »		Basic			sentence	2_1
Core	Quotes		quotes				3	//ldml/delimiters/quotationStart	uli-594_88	When I walked into the room, she said "Please close the door behind you"		Quand je suis entrée dans la pièce, elle a dit : « Veuillez fermer la porte derrière vous. »		Basic			sentence	2_1
Core	Quotes		quotes	end	n		0	//ldml/delimiters/alternateQuotationEnd		’		»		Basic				5
Core	Quotes		quotes	end			0	//ldml/delimiters/quotationEnd		”		»		Basic				5
Core	Quotes		quotes	start	n		0	//ldml/delimiters/alternateQuotationStart		‘		«		Basic				5
Core	Quotes		quotes	start			0	//ldml/delimiters/quotationStart		“		«		Basic				5
Core	Symbols		symbols	approximatelySign			0	//ldml/numbers/symbols[@numberSystem="latn"]/approximatelySign		~		≃		Moderate				5
Core	Symbols		symbols	decimal	long		1	//ldml/numbers/symbols[@numberSystem="latn"]/decimal	uli-594_49	5 divided by 2 equals 2.5		5 divisé par 2 égale 2,5		Basic			sentence	2_1
Core	Symbols		symbols	decimal	long		2	//ldml/numbers/symbols[@numberSystem="latn"]/decimal	uli-594_50	7 divided by 2 equals 3.5		7 divisé par 2 égale 3,5		Basic			sentence	2_1
Core	Symbols		symbols	decimal	long		3	//ldml/numbers/symbols[@numberSystem="latn"]/decimal	uli-594_51	15 divided by 2 equals 7.5		15 divisé par 2 égale 7,5		Basic			sentence	2_1
Core	Symbols		symbols	decimal			4	//ldml/numbers/symbols[@numberSystem="latn"]/decimal	uli-594_52	2.5		2,5		Basic			sentence	2_1
Core	Symbols		symbols	decimal			5	//ldml/numbers/symbols[@numberSystem="latn"]/decimal	uli-594_53	3.5		3,5		Basic			sentence	2_1
Core	Symbols		symbols	decimal			6	//ldml/numbers/symbols[@numberSystem="latn"]/decimal	uli-594_54	7.5		7,5		Basic			sentence	2_1
Core	Symbols		symbols	decimal			0	//ldml/numbers/symbols[@numberSystem="latn"]/decimal		.		,		Basic				5
Core	Maths		symbols	division			1	//ldml/numbers/symbols[@numberSystem="latn"]/division	uli-594_64	9 ÷ 3 = 3		9 ÷ 3 = 3					sentence	2_1
Core	Maths		symbols	division			2	//ldml/numbers/symbols[@numberSystem="latn"]/division	uli-594_65	10 ÷ 2 = 5		10 ÷ 2 = 5					sentence	2_1
Core	Maths		symbols	division			3	//ldml/numbers/symbols[@numberSystem="latn"]/division	uli-594_66	100 ÷ 2 = 50		100 ÷ 2 = 50					sentence	2_1
Core	Symbols		symbols	exponential			0	//ldml/numbers/symbols[@numberSystem="latn"]/exponential		E		E		Moderate				5
Core	Symbols		symbols	group			0	//ldml/numbers/symbols[@numberSystem="latn"]/group		,		 		Basic				5
Core	Symbols		symbols	infinity			0	//ldml/numbers/symbols[@numberSystem="latn"]/infinity		∞		∞		Moderate				5
Core	Maths		symbols	minusSign			1	//ldml/numbers/symbols[@numberSystem="latn"]/minusSign	uli-594_58	5 - 2.5 = 2.5		5 - 2,5 = 2,5		Basic			sentence	2_1
Core	Maths		symbols	minusSign			2	//ldml/numbers/symbols[@numberSystem="latn"]/minusSign	uli-594_59	8 - 4 = 4		8 - 4 = 4		Basic			sentence	2_1
Core	Maths		symbols	minusSign			3	//ldml/numbers/symbols[@numberSystem="latn"]/minusSign	uli-594_60	15 - 5 = 10		15 - 5 = 10		Basic			sentence	2_1
Core	Maths		symbols	minusSign			0	//ldml/numbers/symbols[@numberSystem="latn"]/minusSign		-		-		Basic				5
Core	Maths		symbols	multiplication			1	//ldml/numbers/symbols[@numberSystem="latn"]/multiplication	uli-594_61	5 x 3 = 15		5 x 3 = 15					sentence	2_1
Core	Maths		symbols	multiplication			2	//ldml/numbers/symbols[@numberSystem="latn"]/multiplication	uli-594_62	4 x 4 = 16		4 x 4 = 16					sentence	2_1
Core	Maths		symbols	multiplication			3	//ldml/numbers/symbols[@numberSystem="latn"]/multiplication	uli-594_63	2 x 3 = 6		2 x 3 = 6					sentence	2_1
Core	Symbols		symbols	nan			0	//ldml/numbers/symbols[@numberSystem="latn"]/nan		NaN		NaN		Moderate				5
Core	Symbols		symbols	percentSign			1	//ldml/numbers/symbols[@numberSystem="latn"]/percentSign	uli-594_43	The battery is 100% full.		La batterie est chargée à 100%.		Basic	100		sentence	2_1
Core	Symbols		symbols	percentSign			2	//ldml/numbers/symbols[@numberSystem="latn"]/percentSign	uli-594_44	The battery is 53% full.		La batterie est chargée à 53%.		Basic	53		sentence	2_1
Core	Symbols		symbols	percentSign			3	//ldml/numbers/symbols[@numberSystem="latn"]/percentSign	uli-594_45	The battery is 10% full.		La batterie est chargée à 10%.		Basic	10		sentence	2_1
Core	Symbols		symbols	percentSign			4	//ldml/numbers/symbols[@numberSystem="latn"]/percentSign	uli-594_46	100%		100%		Basic	100		sentence	2_1
Core	Symbols		symbols	percentSign			5	//ldml/numbers/symbols[@numberSystem="latn"]/percentSign	uli-594_47	53%		53%		Basic	53		sentence	2_1
Core	Symbols		symbols	percentSign			6	//ldml/numbers/symbols[@numberSystem="latn"]/percentSign	uli-594_48	10%		10%		Basic	10		sentence	2_1
Core	Symbols		symbols	percentSign			0	//ldml/numbers/symbols[@numberSystem="latn"]/percentSign		%		%		Basic				5
Core	Symbols		symbols	perMille			0	//ldml/numbers/symbols[@numberSystem="latn"]/perMille		‰		‰		Moderate				5
Core	Maths		symbols	plusSign			1	//ldml/numbers/symbols[@numberSystem="latn"]/plusSign	uli-594_55	2.5 + 2.5 = 5		2,5 + 2,5 = 5		Basic			sentence	2_1
Core	Maths		symbols	plusSign			2	//ldml/numbers/symbols[@numberSystem="latn"]/plusSign	uli-594_56	3.5 + 3.5 = 7		3,5 + 3,5 = 7		Basic			sentence	2_1
Core	Maths		symbols	plusSign			3	//ldml/numbers/symbols[@numberSystem="latn"]/plusSign	uli-594_57	7.5 + 7.5 = 15		7,5 + 7,5 = 15		Basic			sentence	2_1
Core	Maths		symbols	plusSign			0	//ldml/numbers/symbols[@numberSystem="latn"]/plusSign		+		+		Basic				5
Core	Symbols		symbols	questionMark			1	//ldml/numbers/symbols[@numberSystem="latn"]/questionMark	uli-594_192	Does this picture look accurate?		Cette image vous semble-t-elle fidèle ?					sentence	2_1
Core	Symbols		symbols	questionMark			2	//ldml/numbers/symbols[@numberSystem="latn"]/questionMark	uli-594_193	If this picture doesn't look accurate, why? Please explain.		Si cette image ne vous semble pas exacte, pourquoi ? Veuillez expliquer.					sentence	2_1
Core	Symbols		symbols	questionMark			3	//ldml/numbers/symbols[@numberSystem="latn"]/questionMark	uli-594_194	What would be a more accurate way?		Quelle serait une méthode plus précise ?					sentence	2_1
Core	Symbols		symbols	superscriptingExponent			0	//ldml/numbers/symbols[@numberSystem="latn"]/superscriptingExponent		×		×		Moderate				5
DateAndTime	DayPeriods	natural	a	afternoon1	w	s	0	//ldml/dates/calendars/calendar[@type="gregorian"]/dayPeriods/dayPeriodContext[@type="stand-alone"]/dayPeriodWidth[@type="wide"]/dayPeriod[@type="afternoon1"]	dw2-8_XXX	afternoon	afternoon	après-midi	après-midi	Moderate				1
DateAndTime	DayPeriods	natural	a	afternoon1	w	f	0	//ldml/dates/calendars/calendar[@type="gregorian"]/dayPeriods/dayPeriodContext[@type="format"]/dayPeriodWidth[@type="wide"]/dayPeriod[@type="afternoon1"]	dw2-9_XXX	in the afternoon	in the afternoon	de l’après-midi	de l’après-midi	Moderate				1
DateAndTime	DayPeriods	natural	a	afternoon1	w	f	1	//ldml/dates/calendars/calendar[@type="gregorian"]/dayPeriods/dayPeriodContext[@type="format"]/dayPeriodWidth[@type="wide"]/dayPeriod[@type="afternoon1"]	dw2-10_XXX	1 in the afternoon	in the afternoon	1 de l’après-midi	de l’après-midi	Moderate				1
DateAndTime	DayPeriods	12h	a	am	w	s	0	//ldml/dates/calendars/calendar[@type="gregorian"]/dayPeriods/dayPeriodContext[@type="stand-alone"]/dayPeriodWidth[@type="wide"]/dayPeriod[@type="am"]	dw2-1_XXX	AM	AM	AM	AM	Moderate				1
DateAndTime	DayPeriods	12h	a	am	n	f	0	//ldml/dates/calendars/calendar[@type="gregorian"]/dayPeriods/dayPeriodContext[@type="format"]/dayPeriodWidth[@type="narrow"]/dayPeriod[@type="am"]	dw2-2_XXX	a	a	AM	AM	Moderate				1
DateAndTime	DayPeriods	natural	a	evening1	w	s	0	//ldml/dates/calendars/calendar[@type="gregorian"]/dayPeriods/dayPeriodContext[@type="stand-alone"]/dayPeriodWidth[@type="wide"]/dayPeriod[@type="evening1"]	dw2-11_XXX	evening	evening	soir	soir	Moderate				1
DateAndTime	DayPeriods	natural	a	evening1	w	f	0	//ldml/dates/calendars/calendar[@type="gregorian"]/dayPeriods/dayPeriodContext[@type="format"]/dayPeriodWidth[@type="wide"]/dayPeriod[@type="evening1"]	dw2-12_XXX	in the evening	in the evening	du soir	du soir	Moderate				1
DateAndTime	DayPeriods	natural	a	evening1	w	f	1	//ldml/dates/calendars/calendar[@type="gregorian"]/dayPeriods/dayPeriodContext[@type="format"]/dayPeriodWidth[@type="wide"]/dayPeriod[@type="evening1"]	dw2-13_XXX	9 in the evening	in the evening	9 du soir	du soir	Moderate				1
DateAndTime	DayPeriods	natural	a	midnight	w	s	0	//ldml/dates/calendars/calendar[@type="gregorian"]/dayPeriods/dayPeriodContext[@type="stand-alone"]/dayPeriodWidth[@type="wide"]/dayPeriod[@type="midnight"]	dw2-16_XXX	midnight	midnight	minuit	minuit	Moderate				1
DateAndTime	DayPeriods	natural	a	morning1	w	s	0	//ldml/dates/calendars/calendar[@type="gregorian"]/dayPeriods/dayPeriodContext[@type="stand-alone"]/dayPeriodWidth[@type="wide"]/dayPeriod[@type="morning1"]	dw2-5_XXX	morning	morning	matin	matin	Moderate				1
DateAndTime	DayPeriods	natural	a	morning1	w	f	0	//ldml/dates/calendars/calendar[@type="gregorian"]/dayPeriods/dayPeriodContext[@type="format"]/dayPeriodWidth[@type="wide"]/dayPeriod[@type="morning1"]	dw2-6_XXX	in the morning	in the morning	du matin	du matin	Moderate				1
DateAndTime	DayPeriods	natural	a	morning1	w	f	1	//ldml/dates/calendars/calendar[@type="gregorian"]/dayPeriods/dayPeriodContext[@type="format"]/dayPeriodWidth[@type="wide"]/dayPeriod[@type="morning1"]	dw2-7_XXX	7 in the morning	in the morning	7 du matin	du matin	Moderate				1
DateAndTime	DayPeriods	natural	a	night1	w	s	0	//ldml/dates/calendars/calendar[@type="gregorian"]/dayPeriods/dayPeriodContext[@type="stand-alone"]/dayPeriodWidth[@type="wide"]/dayPeriod[@type="night1"]	dw2-14_XXX	night	night	nuit	matin	Moderate				1
DateAndTime	DayPeriods	natural	a	night1	w	f	0	//ldml/dates/calendars/calendar[@type="gregorian"]/dayPeriods/dayPeriodContext[@type="format"]/dayPeriodWidth[@type="wide"]/dayPeriod[@type="night1"]	dw2-15_XXX	at night	at night	à la nuit	du matin	Moderate				1
DateAndTime	DayPeriods	12h	a	pm	w	s	0	//ldml/dates/calendars/calendar[@type="gregorian"]/dayPeriods/dayPeriodContext[@type="stand-alone"]/dayPeriodWidth[@type="wide"]/dayPeriod[@type="pm"]	dw2-3_XXX	PM	PM	PM	PM	Moderate				1
DateAndTime	DayPeriods	12h	a	pm	n	f	0	//ldml/dates/calendars/calendar[@type="gregorian"]/dayPeriods/dayPeriodContext[@type="format"]/dayPeriodWidth[@type="narrow"]/dayPeriod[@type="pm"]	dw2-4_XXX	p	p	PM	PM	Moderate				1
DateAndTime	Dates		availableFormats	Ehm			1	//ldml/dates/calendars/calendar[@type="gregorian"]/dateTimeFormats/availableFormats/dateFormatItem[@id="Ehm"]	dc-31_XXX	Tue 3:30 PM	E h:mm a	mar. 3:30 PM	E h:mm a	Moderate	1713911400000		datetime	1
DateAndTime	Dates		availableFormats	EHm			1	//ldml/dates/calendars/calendar[@type="gregorian"]/dateTimeFormats/availableFormats/dateFormatItem[@id="EHm"]	dc-33_XXX	Tue 15:30	E HH:mm	mar. 15:30	E HH:mm	Moderate	1713911400000		datetime	1
DateAndTime	Dates		availableFormats	Ehms			1	//ldml/dates/calendars/calendar[@type="gregorian"]/dateTimeFormats/availableFormats/dateFormatItem[@id="Ehms"]	dc-32_XXX	Tue 3:30:45 PM	E h:mm:ss a	mar. 3:30:45 PM	E h:mm:ss a	Moderate	1713911445000		datetime	1
DateAndTime	Dates		availableFormats	EHms			1	//ldml/dates/calendars/calendar[@type="gregorian"]/dateTimeFormats/availableFormats/dateFormatItem[@id="EHms"]	dc-34_XXX	Tue 15:30:45	E HH:mm:ss	mar. 15:30:45	E HH:mm:ss	Moderate	1713911445000		datetime	1
DateAndTime	EraDates		availableFormats	Gy			1	//ldml/dates/calendars/calendar[@type="gregorian"]/dateTimeFormats/availableFormats/dateFormatItem[@id="Gy"]	dc-87_XXX	2024 AD	y G	2024 ap. J.-C.	y G	Moderate	1713855600000		datetime	1
DateAndTime	EraDates		availableFormats	GyMMM			1	//ldml/dates/calendars/calendar[@type="gregorian"]/dateTimeFormats/availableFormats/dateFormatItem[@id="GyMMM"]	dc-82_XXX	Apr 2024 AD	MMM y G	avr. 2024 ap. J.-C.	MMM y G	Moderate	1713855600000		datetime	1
DateAndTime	EraDates		availableFormats	GyMMMd			1	//ldml/dates/calendars/calendar[@type="gregorian"]/dateTimeFormats/availableFormats/dateFormatItem[@id="GyMMMd"]	dc-78_XXX	Apr 23, 2024 AD	MMM d, y G	23 avr. 2024 ap. J.-C.	d MMM y G	Moderate	1713855600000		datetime	1
DateAndTime	EraDates		availableFormats	GyMMMEd			1	//ldml/dates/calendars/calendar[@type="gregorian"]/dateTimeFormats/availableFormats/dateFormatItem[@id="GyMMMEd"]	dc-51_XXX	Tue, Apr 23, 2024 AD	E, MMM d, y G	mar. 23 avr. 2024 ap. J.-C.	E d MMM y G	Moderate	1713855600000		datetime	1
DateAndTime	Times		availableFormats	hm			2	//ldml/dates/calendars/calendar[@type="gregorian"]/dateTimeFormats/availableFormats/dateFormatItem[@id="hm"]	hr-1_XXX	3:00 PM	h:mm a	3:00 PM	h:mm a	Basic	1713909600000		datetime	1
DateAndTime	Times		availableFormats	Hm			1	//ldml/dates/calendars/calendar[@type="gregorian"]/dateTimeFormats/availableFormats/dateFormatItem[@id="Hm"]	hr-2_XXX	10:48	HH:mm	10:48	HH:mm	Basic	1713894480000		datetime	1
DateAndTime	Times		availableFormats	Hm			2	//ldml/dates/calendars/calendar[@type="gregorian"]/dateTimeFormats/availableFormats/dateFormatItem[@id="Hm"]	hr-3_XXX	16:12	HH:mm	16:12	HH:mm	Basic	1713913920000		datetime	1
DateAndTime	Times		availableFormats	hm			1	//ldml/dates/calendars/calendar[@type="gregorian"]/dateTimeFormats/availableFormats/dateFormatItem[@id="hm"]	hr-4_XXX	9:41 AM	h:mm a	9:41 AM	h:mm a	Basic	1713890460000		datetime	1
DateAndTime	Times		availableFormats	Hms			2	//ldml/dates/calendars/calendar[@type="gregorian"]/dateTimeFormats/availableFormats/dateFormatItem[@id="Hms"]	hr-5_XXX	16:14:24	HH:mm:ss	16:14:24	HH:mm:ss	Basic	1713914064000		datetime	1
DateAndTime	Times		availableFormats	Hms			1	//ldml/dates/calendars/calendar[@type="gregorian"]/dateTimeFormats/availableFormats/dateFormatItem[@id="Hms"]	hr-6_XXX	8:04:41	HH:mm:ss	8:04:41	HH:mm:ss	Basic	1713884681000		datetime	1
DateAndTime	Times		availableFormats	hmv			2	//ldml/dates/calendars/calendar[@type="gregorian"]/dateTimeFormats/availableFormats/dateFormatItem[@id="hmv"]	hr-7_XXX	11:30  PM GMT	h:mm a v	23:30 GMT	h:mm a v	Moderate	1713940200000		datetime	1
DateAndTime	Times		availableFormats	hmv			1	//ldml/dates/calendars/calendar[@type="gregorian"]/dateTimeFormats/availableFormats/dateFormatItem[@id="hmv"]		6:45 AM GMT	h:mm a v	6:45 AM GMT	h:mm a v	Moderate	1713879900000		datetime	5
DateAndTime	Dates		availableFormats	M			1	//ldml/dates/calendars/calendar[@type="gregorian"]/dateTimeFormats/availableFormats/dateFormatItem[@id="M"]	dc-58_XXX	April	L	avril	L	Moderate	1713855600000		datetime	1
DateAndTime	Dates		availableFormats	M			2	//ldml/dates/calendars/calendar[@type="gregorian"]/dateTimeFormats/availableFormats/dateFormatItem[@id="M"]	dc-59_XXX	April	L	avril	L	Moderate	1713855600000		datetime	1
DateAndTime	Dates		availableFormats	Md			1	//ldml/dates/calendars/calendar[@type="gregorian"]/dateTimeFormats/availableFormats/dateFormatItem[@id="Md"]	dc-62_XXX	4/23	M/d	23/04	dd/MM	Moderate	1713855600000		datetime	1
DateAndTime	Dates		availableFormats	MEd			1	//ldml/dates/calendars/calendar[@type="gregorian"]/dateTimeFormats/availableFormats/dateFormatItem[@id="MEd"]	dc-41_XXX	Tue, 4/23	E, M/d	mar. 23/04	E dd/MM	Moderate	1713855600000		datetime	1
DateAndTime	Dates		availableFormats	MMMd			1	//ldml/dates/calendars/calendar[@type="gregorian"]/dateTimeFormats/availableFormats/dateFormatItem[@id="MMMd"]	dc-90_XXX	Apr 23	MMM d	23 avr.	d MMM	Moderate	1713855600000		datetime	1
DateAndTime	Dates		availableFormats	MMMEd			1	//ldml/dates/calendars/calendar[@type="gregorian"]/dateTimeFormats/availableFormats/dateFormatItem[@id="MMMEd"]	dc-93_XXX	Tue, Apr 23	E, MMM d	mar. 23 avr.	E d MMM	Moderate	1713855600000		datetime	1
DateAndTime	Dates		availableFormats	MMMMd			1	//ldml/dates/calendars/calendar[@type="gregorian"]/dateTimeFormats/availableFormats/dateFormatItem[@id="MMMMd"]	dc-96_XXX	April 23	MMMM d	23 avril	d MMMM	Moderate	1713855600000		datetime	1
DateAndTime	Dates		availableFormats	MMMMW			1	//ldml/dates/calendars/calendar[@type="gregorian"]/dateTimeFormats/availableFormats/dateFormatItem[@id="MMMMW"][@count="other"]	dc-97_XXX	week 4 of April	'week' W 'of' MMMM	semaine 4 (avril)	'semaine' W (MMMM)	Moderate	1713855600000		datetime	1
DateAndTime	Dates		availableFormats	y			1	//ldml/dates/calendars/calendar[@type="gregorian"]/dateTimeFormats/availableFormats/dateFormatItem[@id="y"]	dc-10_XXX	2024	y	2024	y	Moderate	1713855600000		datetime	1
DateAndTime	Dates		availableFormats	yM			1	//ldml/dates/calendars/calendar[@type="gregorian"]/dateTimeFormats/availableFormats/dateFormatItem[@id="yM"]	dc-6_XXX	4/2024	M/y	4/2024	MM/y	Moderate	1713855600000		datetime	1
DateAndTime	Dates		availableFormats	yMd			1	//ldml/dates/calendars/calendar[@type="gregorian"]/dateTimeFormats/availableFormats/dateFormatItem[@id="yMd"]	dc-9_XXX	4/23/2024	M/d/y	23/04/2024	dd/MM/y	Basic	1713855600000		datetime	1
DateAndTime	Dates		availableFormats	yMd			2	//ldml/dates/calendars/calendar[@type="gregorian"]/dateTimeFormats/availableFormats/dateFormatItem[@id="yMd"]	dc-68_XXX	4/23/2024	M/d/y	23/04/2024	dd/MM/y	Basic	1713855600000		datetime	1
DateAndTime	Dates		availableFormats	yMM			1	//ldml/dates/calendars/calendar[@type="gregorian"]/dateTimeFormats/availableFormats/dateFormatItem[@id="yMM"]	dc-5_XXX	04/2024	MM/y	04/2024	MM/y	Comprehensive	1713855600000		datetime	1
DateAndTime	Dates		availableFormats	yMMM			1	//ldml/dates/calendars/calendar[@type="gregorian"]/dateTimeFormats/availableFormats/dateFormatItem[@id="yMMM"]	dc-4_XXX	Apr 2024	MMM y	avr. 2024	MMM y	Moderate	1713855600000		datetime	1
DateAndTime	Dates		availableFormats	yMMMd			1	//ldml/dates/calendars/calendar[@type="gregorian"]/dateTimeFormats/availableFormats/dateFormatItem[@id="yMMMd"]	dc-8_XXX	Apr 23, 2024	MMM d, y	23 avr. 2024	d MMM y	Basic	1713855600000		datetime	1
DateAndTime	Dates		availableFormats	yMMMEd			1	//ldml/dates/calendars/calendar[@type="gregorian"]/dateTimeFormats/availableFormats/dateFormatItem[@id="yMMMEd"]	dc-7_XXX	Tue, Apr 23, 2024	E, MMM d, y	mar. 23 avr. 2024	E d MMM y	Moderate	1713855600000		datetime	1
DateAndTime	Dates		availableFormats	yMMMM			1	//ldml/dates/calendars/calendar[@type="gregorian"]/dateTimeFormats/availableFormats/dateFormatItem[@id="yMMMM"]	dc-3_XXX	April 2024	MMMM y	avril 2024	MMMM y	Moderate	1713855600000		datetime	1
DateAndTime	Dates		availableFormats	yw		other	1	//ldml/dates/calendars/calendar[@type="gregorian"]/dateTimeFormats/availableFormats/dateFormatItem[@id="yw"][@count="other"]	dc-1_XXX	week 17 of 2024	'week' w 'of' Y	semaine 17 de 2024	'semaine' w 'de' Y	Moderate	1713855600000		datetime	1
DateAndTime	Dates		availableFormats	yw		one	1	//ldml/dates/calendars/calendar[@type="gregorian"]/dateTimeFormats/availableFormats/dateFormatItem[@id="yw"][@count="one"]	dc-2_XXX	week 1 of 2024	'week' w 'of' Y	semaine 1 de 2024	'semaine' w 'de' Y	Moderate	1704096000000		datetime	1
DateAndTime	DateFields		d		w		0	//ldml/dates/fields/field[@type="day"]/displayName	dw-14_XXX	day	day	jour	jour	Moderate				1
DateAndTime	DateFields		d		s		0	//ldml/dates/fields/field[@type="day-short"]/displayName	dw-15_XXX	d	day	j	j	Moderate				1
DateAndTime	DateFields		d		n		0	//ldml/dates/fields/field[@type="day-narrow"]/displayName		d	day	j	j	Moderate				5
DateAndTime	RelativeTime		d	-1			0	//ldml/dates/fields/field[@type="day"]/relative[@type="-1"]	rt-3_XXX	yesterday	yesterday	hier	hier	Moderate				1
DateAndTime	RelativeTime		d	0			0	//ldml/dates/fields/field[@type="day"]/relative[@type="0"]	rt-7_XXX	today	today	aujourd’hui	aujourd’hui	Moderate				1
DateAndTime	RelativeTime		d	1			0	//ldml/dates/fields/field[@type="day"]/relative[@type="1"]	rt-9_XXX	tomorrow	tomorrow	demain	demain	Moderate				1
DateAndTime	DateTimes		dateFormats		full		1	//ldml/dates/calendars/calendar[@type="gregorian"]/dateFormats/dateFormatLength[@type="full"]/dateFormat[@type="standard"]/pattern[@type="standard"]	dc-53_XXX	Tuesday, April 23, 2024	EEEE, MMMM d, y	mardi 23 avril 2024	EEEE d MMMM y	Moderate	1713855600000		datetime	1
DateAndTime	DateTimes		dateFormats		full		2	//ldml/dates/calendars/calendar[@type="gregorian"]/dateFormats/dateFormatLength[@type="full"]/dateFormat[@type="standard"]/pattern[@type="standard"]	dc-54_XXX	Tuesday, April 23, 2024	EEEE, MMMM d, y	mardi 23 avril 2024	EEEE d MMMM y	Moderate	1713855600000		datetime	1
DateAndTime	DateTimes		dateFormats		medium		1	//ldml/dates/calendars/calendar[@type="gregorian"]/dateFormats/dateFormatLength[@type="medium"]/dateFormat[@type="standard"]/pattern[@type="standard"]	dc-76_XXX	Apr 23, 2024	MMM d, y	23 avr. 2024	d MMM y	Moderate	1713855600000		datetime	1
DateAndTime	DateTimes		dateFormats		medium		2	//ldml/dates/calendars/calendar[@type="gregorian"]/dateFormats/dateFormatLength[@type="medium"]/dateFormat[@type="standard"]/pattern[@type="standard"]	dc-79_XXX	Apr 23, 2024	MMM d, y	23 avr. 2024	d MMM y	Moderate	1713855600000		datetime	1
DateAndTime	DateTimes		dateFormats		long		1	//ldml/dates/calendars/calendar[@type="gregorian"]/dateFormats/dateFormatLength[@type="long"]/dateFormat[@type="standard"]/pattern[@type="standard"]	dc-84_XXX	April 23, 2024	MMMM d, y	23 avril 2024	d MMMM y	Moderate	1713855600000		datetime	1
DateAndTime	DateTimes		dateFormats		long		2	//ldml/dates/calendars/calendar[@type="gregorian"]/dateFormats/dateFormatLength[@type="long"]/dateFormat[@type="standard"]/pattern[@type="standard"]	dc-85_XXX	April 23, 2024	MMMM d, y	23 avril 2024	d MMMM y	Moderate	1713855600000		datetime	1
DateAndTime	DateTimes		dateFormats		short		1	//ldml/dates/calendars/calendar[@type="gregorian"]/dateFormats/dateFormatLength[@type="short"]/dateFormat[@type="standard"]/pattern[@type="standard"]	dc-98_XXX	4/23/24	M/d/yy	23/04/2024	dd/MM/y	Moderate	1713855600000		datetime	1
DateAndTime	DateTimes		dateTimeFormats		full	atTime	1	//ldml/dates/calendars/calendar[@type="gregorian"]/dateTimeFormats/dateTimeFormatLength[@type="full"]/dateTimeFormat[@type="atTime"]/pattern[@type="standard"]	dc-35_XXX	Tuesday at 3:30:45 PM	{1} 'at' {0}	mardi à 15:30:45	{1} 'à' {0}	Moderate	hms	EEEE	datetimecombo	1
DateAndTime	DateTimes		dateTimeFormats		long	atTime	1	//ldml/dates/calendars/calendar[@type="gregorian"]/dateTimeFormats/dateTimeFormatLength[@type="long"]/dateTimeFormat[@type="atTime"]/pattern[@type="standard"]	dc-36_XXX	Tuesday at 3:30:45 PM	{1} 'at' {0}	mardi à 15:30:45	{1} 'à' {0}	Moderate	hms	EEEE	datetimecombo	1
DateAndTime	DateTimes		dateTimeFormats		full	standard	1	//ldml/dates/calendars/calendar[@type="gregorian"]/dateTimeFormats/dateTimeFormatLength[@type="full"]/dateTimeFormat[@type="standard"]/pattern[@type="standard"]	dc-37_XXX	Tuesday, April 23, 2024 at 3:30:45 PM	{1}, {0}	mardi 23 avril 2024, 15:30:45	{1}, {0}	Moderate	hms	yMEEEEd	datetimecombo	1
DateAndTime	DateTimes		dateTimeFormats		long	standard	1	//ldml/dates/calendars/calendar[@type="gregorian"]/dateTimeFormats/dateTimeFormatLength[@type="long"]/dateTimeFormat[@type="standard"]/pattern[@type="standard"]	dc-38_XXX	April 23, 2024 at 3:30:45 PM	{1}, {0}	23 avril 2024, 15:30:45	{1}, {0}	Moderate	hms	yMMMMd	datetimecombo	1
DateAndTime	DateTimes		dateTimeFormats		medium	standard	1	//ldml/dates/calendars/calendar[@type="gregorian"]/dateTimeFormats/dateTimeFormatLength[@type="medium"]/dateTimeFormat[@type="standard"]/pattern[@type="standard"]	dc-39_XXX	Apr 23, 2024 at 3:30 PM	{1}, {0}	avr. 23, 2024, 15:30	{1}, {0}	Moderate	hm	yMMMd	datetimecombo	1
DateAndTime	DateTimes		dateTimeFormats		medium	atTime	1	//ldml/dates/calendars/calendar[@type="gregorian"]/dateTimeFormats/dateTimeFormatLength[@type="medium"]/dateTimeFormat[@type="atTime"]/pattern[@type="standard"]	dc-40_XXX	Apr 23 at 3:30 PM	{1}, {0}	avr. 23, 15:30	{1}, {0}	Moderate	hm	MMMd	datetimecombo	1
DateAndTime	DateFields		E		w		0	//ldml/dates/fields/field[@type="weekday"]/displayName	dw-23_XXX	day of the week	day of the week	jour de la semaine	jour de la semaine	Moderate				5
DateAndTime	DateFields		E		s		0	//ldml/dates/fields/field[@type="weekday-short"]/displayName	dw-23_XXX	day of wk.	day of wk.	j (sem.)	j (sem.)	Modern				5
DateAndTime	DateFields		E		n		0	//ldml/dates/fields/field[@type="weekday-narrow"]/displayName	dw-23_XXX	day of wk.	day of wk.	j (sem.)	j (sem.)	Modern				5
DateAndTime	DaysOfWeek		E	fri	w		0	//ldml/dates/calendars/calendar[@type="gregorian"]/days/dayContext[@type="format"]/dayWidth[@type="wide"]/day[@type="fri"]	wk-6_XXX	Friday	Friday	vendredi	vendredi	Basic				1
DateAndTime	DaysOfWeek		E	fri	a		0	//ldml/dates/calendars/calendar[@type="gregorian"]/days/dayContext[@type="stand-alone"]/dayWidth[@type="abbreviated"]/day[@type="fri"]	wk-13_XXX	Fri	Fri	ven.	ven.	Moderate				1
DateAndTime	DaysOfWeek		E	fri	s		0	//ldml/dates/calendars/calendar[@type="gregorian"]/days/dayContext[@type="stand-alone"]/dayWidth[@type="short"]/day[@type="fri"]	wk-20_XXX	Fr	Fr	ve	ve	Moderate				1
DateAndTime	DaysOfWeek		E	fri	n		0	//ldml/dates/calendars/calendar[@type="gregorian"]/days/dayContext[@type="stand-alone"]/dayWidth[@type="narrow"]/day[@type="fri"]	wk-27_XXX	F	F	V	V	Moderate				1
DateAndTime	DaysOfWeek		E	mon	w		0	//ldml/dates/calendars/calendar[@type="gregorian"]/days/dayContext[@type="format"]/dayWidth[@type="wide"]/day[@type="mon"]	wk-2_XXX	Monday	Monday	lundi	lundi	Basic				1
DateAndTime	DaysOfWeek		E	mon	a		0	//ldml/dates/calendars/calendar[@type="gregorian"]/days/dayContext[@type="stand-alone"]/dayWidth[@type="abbreviated"]/day[@type="mon"]	wk-9_XXX	Mon	Mon	lun.	lun.	Moderate				1
DateAndTime	DaysOfWeek		E	mon	s		0	//ldml/dates/calendars/calendar[@type="gregorian"]/days/dayContext[@type="stand-alone"]/dayWidth[@type="short"]/day[@type="mon"]	wk-16_XXX	Mo	Mo	lu	lu	Moderate				1
DateAndTime	DaysOfWeek		E	mon	n		0	//ldml/dates/calendars/calendar[@type="gregorian"]/days/dayContext[@type="stand-alone"]/dayWidth[@type="narrow"]/day[@type="mon"]	wk-23_XXX	M	M	L	L	Moderate				1
DateAndTime	DaysOfWeek		E	sat	w		0	//ldml/dates/calendars/calendar[@type="gregorian"]/days/dayContext[@type="format"]/dayWidth[@type="wide"]/day[@type="sat"]	wk-7_XXX	Saturday	Saturday	samedi	samedi	Basic				1
DateAndTime	DaysOfWeek		E	sat	a		0	//ldml/dates/calendars/calendar[@type="gregorian"]/days/dayContext[@type="stand-alone"]/dayWidth[@type="abbreviated"]/day[@type="sat"]	wk-14_XXX	Sat	Sat	sam.	sam.	Moderate				1
DateAndTime	DaysOfWeek		E	sat	s		0	//ldml/dates/calendars/calendar[@type="gregorian"]/days/dayContext[@type="stand-alone"]/dayWidth[@type="short"]/day[@type="sat"]	wk-21_XXX	Sa	Sa	sa	sa	Moderate				1
DateAndTime	DaysOfWeek		E	sat	n		0	//ldml/dates/calendars/calendar[@type="gregorian"]/days/dayContext[@type="stand-alone"]/dayWidth[@type="narrow"]/day[@type="sat"]	wk-28_XXX	S	S	S	S	Moderate				1
DateAndTime	DaysOfWeek		E	sun	w		0	//ldml/dates/calendars/calendar[@type="gregorian"]/days/dayContext[@type="format"]/dayWidth[@type="wide"]/day[@type="sun"]	wk-1_XXX	Sunday	Sunday	dimanche	dimanche	Basic				1
DateAndTime	DaysOfWeek		E	sun	a		0	//ldml/dates/calendars/calendar[@type="gregorian"]/days/dayContext[@type="stand-alone"]/dayWidth[@type="abbreviated"]/day[@type="sun"]	wk-8_XXX	Sun	Sun	dim.	dim.	Moderate				1
DateAndTime	DaysOfWeek		E	sun	s		0	//ldml/dates/calendars/calendar[@type="gregorian"]/days/dayContext[@type="stand-alone"]/dayWidth[@type="short"]/day[@type="sun"]	wk-15_XXX	Su	Su	di	di	Moderate				1
DateAndTime	DaysOfWeek		E	sun	n		0	//ldml/dates/calendars/calendar[@type="gregorian"]/days/dayContext[@type="stand-alone"]/dayWidth[@type="narrow"]/day[@type="sun"]	wk-22_XXX	S	S	D	D	Moderate				1
DateAndTime	DaysOfWeek		E	thu	w		0	//ldml/dates/calendars/calendar[@type="gregorian"]/days/dayContext[@type="format"]/dayWidth[@type="wide"]/day[@type="thu"]	wk-5_XXX	Thursday	Thursday	jeudi	jeudi	Basic				1
DateAndTime	DaysOfWeek		E	thu	a		0	//ldml/dates/calendars/calendar[@type="gregorian"]/days/dayContext[@type="stand-alone"]/dayWidth[@type="abbreviated"]/day[@type="thu"]	wk-12_XXX	Thu	Thu	jeu.	jeu.	Moderate				1
DateAndTime	DaysOfWeek		E	thu	s		0	//ldml/dates/calendars/calendar[@type="gregorian"]/days/dayContext[@type="stand-alone"]/dayWidth[@type="short"]/day[@type="thu"]	wk-19_XXX	Th	Th	je	je	Moderate				1
DateAndTime	DaysOfWeek		E	thu	n		0	//ldml/dates/calendars/calendar[@type="gregorian"]/days/dayContext[@type="stand-alone"]/dayWidth[@type="narrow"]/day[@type="thu"]	wk-26_XXX	T	T	J	J	Moderate				1
DateAndTime	DaysOfWeek		E	tue	w		0	//ldml/dates/calendars/calendar[@type="gregorian"]/days/dayContext[@type="format"]/dayWidth[@type="wide"]/day[@type="tue"]	wk-3_XXX	Tuesday	Tuesday	mardi	mardi	Basic				1
DateAndTime	DaysOfWeek		E	tue	a		0	//ldml/dates/calendars/calendar[@type="gregorian"]/days/dayContext[@type="stand-alone"]/dayWidth[@type="abbreviated"]/day[@type="tue"]	wk-10_XXX	Tue	Tue	mar.	mar.	Moderate				1
DateAndTime	DaysOfWeek		E	tue	s		0	//ldml/dates/calendars/calendar[@type="gregorian"]/days/dayContext[@type="stand-alone"]/dayWidth[@type="short"]/day[@type="tue"]	wk-17_XXX	Tu	Tu	ma	ma	Moderate				1
DateAndTime	DaysOfWeek		E	tue	n		0	//ldml/dates/calendars/calendar[@type="gregorian"]/days/dayContext[@type="stand-alone"]/dayWidth[@type="narrow"]/day[@type="tue"]	wk-24_XXX	T	T	M	M	Moderate				1
DateAndTime	DaysOfWeek		E	wed	w		0	//ldml/dates/calendars/calendar[@type="gregorian"]/days/dayContext[@type="format"]/dayWidth[@type="wide"]/day[@type="wed"]	wk-4_XXX	Wednesday	Wednesday	mercredi	mercredi	Basic				1
DateAndTime	DaysOfWeek		E	wed	a		0	//ldml/dates/calendars/calendar[@type="gregorian"]/days/dayContext[@type="stand-alone"]/dayWidth[@type="abbreviated"]/day[@type="wed"]	wk-11_XXX	Wed	Wed	mer.	mer.	Moderate				1
DateAndTime	DaysOfWeek		E	wed	s		0	//ldml/dates/calendars/calendar[@type="gregorian"]/days/dayContext[@type="stand-alone"]/dayWidth[@type="short"]/day[@type="wed"]	wk-18_XXX	We	We	me	me	Moderate				1
DateAndTime	DaysOfWeek		E	wed	n		0	//ldml/dates/calendars/calendar[@type="gregorian"]/days/dayContext[@type="stand-alone"]/dayWidth[@type="narrow"]/day[@type="wed"]	wk-25_XXX	W	W	M	M	Moderate				1
DateAndTime	DateFields		G		w		0	//ldml/dates/fields/field[@type="era"]/displayName	dw-1_XXX	era	era	ère	ère	Moderate				1
DateAndTime	DateFields		G		s		0	//ldml/dates/fields/field[@type="era-short"]/displayName		era	era	ère	ère	Modern				5
DateAndTime	DateFields		G		n		0	//ldml/dates/fields/field[@type="era-narrow"]/displayName		era	era	ère	ère	Modern				5
DateAndTime	Eras		G	0	w	variant	0	//ldml/dates/calendars/calendar[@type="gregorian"]/eras/eraNames/era[@type="0"][@alt="variant"]	er-1_XXX	Before Common Era	Before Common Era	avant l’ère commune	avant l’ère commune	Moderate				1
DateAndTime	Eras		G	0	a	variant	0	//ldml/dates/calendars/calendar[@type="gregorian"]/eras/eraAbbr/era[@type="0"][@alt="variant"]	er-2_XXX	BCE	BCE	AEC	AEC	Moderate				1
DateAndTime	Eras		G	0	w		0	//ldml/dates/calendars/calendar[@type="gregorian"]/eras/eraNames/era[@type="0"]	er-3_XXX	Before Christ	Before Christ	avant Jésus-Christ	avant Jésus-Christ	Moderate				1
DateAndTime	Eras		G	0	a		0	//ldml/dates/calendars/calendar[@type="gregorian"]/eras/eraAbbr/era[@type="0"]	er-4_XXX	BC	BC	av. J.-C.	av. J.-C.	Moderate				1
DateAndTime	Eras		G	0	n	variant	0	//ldml/dates/calendars/calendar[@type="gregorian"]/eras/eraNarrow/era[@type="0"][@alt="variant"]		BCE	BCE	AEC	AEC	Comprehensive				5
DateAndTime	Eras		G	0	n		0	//ldml/dates/calendars/calendar[@type="gregorian"]/eras/eraNarrow/era[@type="0"]		B	B	av. J.-C.	av. J.-C.	Comprehensive				5
DateAndTime	Eras		G	1	w	variant	0	//ldml/dates/calendars/calendar[@type="gregorian"]/eras/eraNames/era[@type="1"][@alt="variant"]	er-5_XXX	Common Era	Common Era	de l’ère commune	de l’ère commune	Moderate				1
DateAndTime	Eras		G	1	a	variant	0	//ldml/dates/calendars/calendar[@type="gregorian"]/eras/eraAbbr/era[@type="1"][@alt="variant"]	er-6_XXX	CE	CE	EC	EC	Moderate				1
DateAndTime	Eras		G	1	w		0	//ldml/dates/calendars/calendar[@type="gregorian"]/eras/eraNames/era[@type="1"]	er-7_XXX	Anno Domini	Anno Domini	après Jésus-Christ	après Jésus-Christ	Moderate				1
DateAndTime	Eras		G	1	a		0	//ldml/dates/calendars/calendar[@type="gregorian"]/eras/eraAbbr/era[@type="1"]	er-8_XXX	AD	AD	ap. J.-C.	ap. J.-C.	Moderate				1
DateAndTime	Eras		G	1	n	variant	0	//ldml/dates/calendars/calendar[@type="gregorian"]/eras/eraNarrow/era[@type="1"][@alt="variant"]		CE	CE	EC	EC	Comprehensive				5
DateAndTime	Eras		G	1	n		0	//ldml/dates/calendars/calendar[@type="gregorian"]/eras/eraNarrow/era[@type="1"]		A	A	ap. J.-C.	ap. J.-C.	Comprehensive				5
DateAndTime	DateFields		h		w		0	//ldml/dates/fields/field[@type="hour"]/displayName	dw-16_XXX	hour	hour	heure	heure	Moderate				1
DateAndTime	DateFields		h		s		0	//ldml/dates/fields/field[@type="hour-short"]/displayName	dw-17_XXX	hr.	hr.	h	h	Moderate				1
DateAndTime	DateFields		h		n		0	//ldml/dates/fields/field[@type="hour-narrow"]/displayName		hr	hr	h	h	Moderate				5
DateAndTime	EraDates		intervalFormats	Gy		y	1	//ldml/dates/calendars/calendar[@type="gregorian"]/dateTimeFormats/intervalFormats/intervalFormatItem[@id="Gy"]/greatestDifference[@id="y"]	dc-86_XXX	2024 – 2027 AD	y – y G	2024–2027 ap. J.-C.	y–y G	Moderate	1713855600000	1808463600000	datetime	1
DateAndTime	EraDates		intervalFormats	Gy		G	1	//ldml/dates/calendars/calendar[@type="gregorian"]/dateTimeFormats/intervalFormats/intervalFormatItem[@id="Gy"]/greatestDifference[@id="G"]	dc-88_XXX	107 BC – 2024 AD	y G – y G	107 av. J.-C. à 2024 ap. J.-C.	y G 'à' y G	Moderate	-65534026022000	1713855600000	datetime	1
DateAndTime	EraDates		intervalFormats	GyM		M	1	//ldml/dates/calendars/calendar[@type="gregorian"]/dateTimeFormats/intervalFormats/intervalFormatItem[@id="GyM"]/greatestDifference[@id="M"]	dc-70_XXX	4/2024 – 5/2024 AD	M/y – M/y G	04–05/2024 ap. J.-C.	MM–MM/y G	Moderate	1713855600000	1716447600000	datetime	1
DateAndTime	EraDates		intervalFormats	GyM		y	1	//ldml/dates/calendars/calendar[@type="gregorian"]/dateTimeFormats/intervalFormats/intervalFormatItem[@id="GyM"]/greatestDifference[@id="y"]	dc-71_XXX	4/2024 – 4/2027 AD	M/y – M/y G	04/2024 – 04/2027 ap. J.-C.	MM/y – MM/y G	Moderate	1713855600000	1808463600000	datetime	1
DateAndTime	EraDates		intervalFormats	GyM		G	1	//ldml/dates/calendars/calendar[@type="gregorian"]/dateTimeFormats/intervalFormats/intervalFormatItem[@id="GyM"]/greatestDifference[@id="G"]	dc-72_XXX	4/107 BC – 4/2024 AD	M/y G – M/y G	04/107 av. J.-C. – 04/2024 ap. J.-C.	MM/y G – MM/y G	Moderate	-65534026022000	1713855600000	datetime	1
DateAndTime	EraDates		intervalFormats	GyMd		G	1	//ldml/dates/calendars/calendar[@type="gregorian"]/dateTimeFormats/intervalFormats/intervalFormatItem[@id="GyMd"]/greatestDifference[@id="G"]	dc-69_XXX	4/23/107 BC – 4/23/2024 AD	M/d/y G – M/d/y G	23/04/107 av. J.-C. – 23/04/2024 ap. J.-C.	d/MM/y G – d/MM/y G	Moderate	-65534026022000	1713855600000	datetime	1
DateAndTime	EraDates		intervalFormats	GyMEd		d	1	//ldml/dates/calendars/calendar[@type="gregorian"]/dateTimeFormats/intervalFormats/intervalFormatItem[@id="GyMEd"]/greatestDifference[@id="d"]	dc-44_XXX	Tue, 4/23/2024 – Wed, 4/24/2024 AD	E, M/d/y – E, M/d/y G	mar. 23 – mer. 24/04/2024 ap. J.-C.	E d – E d/MM/y G	Moderate	1713855600000	1713942000000	datetime	1
DateAndTime	EraDates		intervalFormats	GyMEd		M	1	//ldml/dates/calendars/calendar[@type="gregorian"]/dateTimeFormats/intervalFormats/intervalFormatItem[@id="GyMEd"]/greatestDifference[@id="M"]	dc-45_XXX	Tue, 4/23/2024 – Thu, 5/3/2024 AD	E, M/d/y – E, M/d/y G	mar. 23/04 – jeu. 23/04/2024 ap. J.-C.	E d/MM – E d/MM/y G	Moderate	1713855600000	1716447600000	datetime	1
DateAndTime	EraDates		intervalFormats	GyMEd		y	1	//ldml/dates/calendars/calendar[@type="gregorian"]/dateTimeFormats/intervalFormats/intervalFormatItem[@id="GyMEd"]/greatestDifference[@id="y"]	dc-46_XXX	Tue, 4/23/2024 – Fri, 4/23/2027 AD	E, M/d/y – E, M/d/y G	mar. 23/04/2024 – ven. 23/04/2027 ap. J.-C.	E d/MM/y – E d/MM/y G	Moderate	1713855600000	1808463600000	datetime	1
DateAndTime	EraDates		intervalFormats	GyMEd		G	1	//ldml/dates/calendars/calendar[@type="gregorian"]/dateTimeFormats/intervalFormats/intervalFormatItem[@id="GyMEd"]/greatestDifference[@id="G"]	dc-47_XXX	Sun, Apr 23, 107 BC – Tue, Apr 23, 2024  AD	E, M/d/y G – E, M/d/y G	mar. 23/04/107 av. J.-C. – mar. 23/04/2024 ap. J.-C.	E d/MM/y G – E d/MM/y G	Moderate	-65534026022000	1713855600000	datetime	1
DateAndTime	EraDates		intervalFormats	GyMMM		y	1	//ldml/dates/calendars/calendar[@type="gregorian"]/dateTimeFormats/intervalFormats/intervalFormatItem[@id="GyMMM"]/greatestDifference[@id="y"]	dc-81_XXX	Apr 2024 – Apr 2027 AD	MMM y – MMM y G	avr. 2024 – avr. 2027 ap. J.-C.	MMM y – MMM y G	Moderate	1713855600000	1808463600000	datetime	1
DateAndTime	EraDates		intervalFormats	GyMMM		G	1	//ldml/dates/calendars/calendar[@type="gregorian"]/dateTimeFormats/intervalFormats/intervalFormatItem[@id="GyMMM"]/greatestDifference[@id="G"]	dc-83_XXX	Apr 107 BC – Apr 2024 AD	MMM y G – MMM y G	avr. 107 av. J.-C. – avr. 2024 ap. J.-C.	MMM y G – MMM y G	Moderate	-65534026022000	1713855600000	datetime	1
DateAndTime	EraDates		intervalFormats	GyMMMd		y	1	//ldml/dates/calendars/calendar[@type="gregorian"]/dateTimeFormats/intervalFormats/intervalFormatItem[@id="GyMMMd"]/greatestDifference[@id="y"]	dc-77_XXX	Apr 23, 2024 – Apr 23, 2027 AD	MMM d, y – MMM d, y G	23 avr. 2024 – 23 avr. 2027 ap. J.-C.	d MMM y – d MMM y G	Moderate	1713855600000	1808463600000	datetime	1
DateAndTime	EraDates		intervalFormats	GyMMMd		G	1	//ldml/dates/calendars/calendar[@type="gregorian"]/dateTimeFormats/intervalFormats/intervalFormatItem[@id="GyMMMd"]/greatestDifference[@id="G"]	dc-80_XXX	Apr 23, 107 BC – Apr 23, 2024 AD	MMM d, y G – MMM d, y G	23 avr. 107 av. J.-C. – 23 avr. 2024 ap. J.-C.	d MMM y G – d MMM y G	Moderate	-65534026022000	1713855600000	datetime	1
DateAndTime	EraDates		intervalFormats	GyMMMEd		d	1	//ldml/dates/calendars/calendar[@type="gregorian"]/dateTimeFormats/intervalFormats/intervalFormatItem[@id="GyMMMEd"]/greatestDifference[@id="d"]	dc-48_XXX	Tue, Apr 23 – Wed, Apr 24, 2024 AD	E, MMM d – E, MMM d, y G	mar. 23 – mer. 24 avr. 2024 ap. J.-C.	E d – E d MMM y G	Moderate	1713855600000	1713942000000	datetime	1
DateAndTime	EraDates		intervalFormats	GyMMMEd		M	1	//ldml/dates/calendars/calendar[@type="gregorian"]/dateTimeFormats/intervalFormats/intervalFormatItem[@id="GyMMMEd"]/greatestDifference[@id="M"]	dc-49_XXX	Tue, Apr 23 – Thu, May 23, 2024 AD	E, MMM d – E, MMM d, y G	mar. 23 avr. – jeu. 23 mai 2024 ap. J.-C.	E d MMM – E d MMM y G	Moderate	1713855600000	1716447600000	datetime	1
DateAndTime	EraDates		intervalFormats	GyMMMEd		y	1	//ldml/dates/calendars/calendar[@type="gregorian"]/dateTimeFormats/intervalFormats/intervalFormatItem[@id="GyMMMEd"]/greatestDifference[@id="y"]	dc-50_XXX	Tue, Apr 23, 2024 – Fri, Apr 23, 2027 AD	E, MMM d, y – E, MMM d, y G	mar. 23 avr. 2024 – ven. 23 avr. 2027 ap. J.-C.	E d MMM y – E d MMM y G	Moderate	1713855600000	1808463600000	datetime	1
DateAndTime	EraDates		intervalFormats	GyMMMEd		G	1	//ldml/dates/calendars/calendar[@type="gregorian"]/dateTimeFormats/intervalFormats/intervalFormatItem[@id="GyMMMEd"]/greatestDifference[@id="G"]	dc-52_XXX	Sun, Apr 23, 107 BC – Tue, Apr 23, 2024 AD	E, MMM d, y G – E, MMM d, y G	mar. 23 avr. 107 av. J.-C. – mar. 23 avr. 2024 ap. J.-C.	E d MMM y G – E d MMM y G	Moderate	-65534026022000	1713855600000	datetime	1
DateAndTime	TimeIntervals	12h	intervalFormats	h		a	1	//ldml/dates/calendars/calendar[@type="gregorian"]/dateTimeFormats/intervalFormats/intervalFormatItem[@id="h"]/greatestDifference[@id="a"]	ti-1_XXX	3 PM - 4 PM	h a – h a	3 PM - 4 PM	h a – h a	Moderate	1713909600000	1713913200000	datetime	1
DateAndTime	TimeIntervals	12h	intervalFormats	h		h	1	//ldml/dates/calendars/calendar[@type="gregorian"]/dateTimeFormats/intervalFormats/intervalFormatItem[@id="h"]/greatestDifference[@id="h"]	ti-2_XXX	3 - 4 PM	h – h a	3 - 4 PM	h – h a	Moderate	1713909600000	1713913200000	datetime	1
DateAndTime	TimeIntervals	24h	intervalFormats	H		H	1	//ldml/dates/calendars/calendar[@type="gregorian"]/dateTimeFormats/intervalFormats/intervalFormatItem[@id="H"]/greatestDifference[@id="H"]	ti-14_XXX	14–15	HH – HH	14–15	HH – HH	Moderate	1713906000000	1713909600000	datetime	1
DateAndTime	TimeIntervals	12h	intervalFormats	h		a	2	//ldml/dates/calendars/calendar[@type="gregorian"]/dateTimeFormats/intervalFormats/intervalFormatItem[@id="h"]/greatestDifference[@id="a"]	ti-17_XXX	10 AM – 2 PM	h a – h a	10 AM – 2 PM	h a – h a	Moderate	1713891600000	1713906000000	datetime	1
DateAndTime	TimeIntervals	12h	intervalFormats	h		h	2	//ldml/dates/calendars/calendar[@type="gregorian"]/dateTimeFormats/intervalFormats/intervalFormatItem[@id="h"]/greatestDifference[@id="h"]	ti-18_XXX	1–2 PM	h – h a	1–2 PM	h – h a	Moderate	1713902400000	1713906000000	datetime	1
DateAndTime	TimeIntervals	24h	intervalFormats	H		H	2	//ldml/dates/calendars/calendar[@type="gregorian"]/dateTimeFormats/intervalFormats/intervalFormatItem[@id="H"]/greatestDifference[@id="H"]	ti-27_XXX	14–15	HH – HH	14–15	HH – HH	Moderate	1713906000000	1713909600000	datetime	1
DateAndTime	TimeIntervals	12h	intervalFormats	hm		a	1	//ldml/dates/calendars/calendar[@type="gregorian"]/dateTimeFormats/intervalFormats/intervalFormatItem[@id="hm"]/greatestDifference[@id="a"]	ti-3_XXX	3:00 PM – 4:00 PM	h:mm a – h:mm a	3:00 PM – 4:00 PM	h:mm a – h:mm a	Moderate	1713909600000	1713913200000	datetime	1
DateAndTime	TimeIntervals	12h	intervalFormats	hm		h	1	//ldml/dates/calendars/calendar[@type="gregorian"]/dateTimeFormats/intervalFormats/intervalFormatItem[@id="hm"]/greatestDifference[@id="h"]	ti-4_XXX	3:00–4:00 PM	h:mm – h:mm a	3:00–4:00 PM	h:mm – h:mm a	Moderate	1713909600000	1713913200000	datetime	1
DateAndTime	TimeIntervals	12h	intervalFormats	hm		m	1	//ldml/dates/calendars/calendar[@type="gregorian"]/dateTimeFormats/intervalFormats/intervalFormatItem[@id="hm"]/greatestDifference[@id="m"]	ti-5_XXX	3:00–3:15 PM	h:mm – h:mm a	3:00–3:15 PM	h:mm – h:mm a	Moderate	1713909600000	1713910500000	datetime	1
DateAndTime	TimeIntervals	24h	intervalFormats	Hm		m	1	//ldml/dates/calendars/calendar[@type="gregorian"]/dateTimeFormats/intervalFormats/intervalFormatItem[@id="Hm"]/greatestDifference[@id="m"]	ti-15_XXX	14:00–14:15	HH:mm – HH:mm	14:00–14:15	HH:mm – HH:mm	Moderate	1713906000000	1713906900000	datetime	1
DateAndTime	TimeIntervals	24h	intervalFormats	Hm		H	1	//ldml/dates/calendars/calendar[@type="gregorian"]/dateTimeFormats/intervalFormats/intervalFormatItem[@id="Hm"]/greatestDifference[@id="H"]	ti-16_XXX	14:00–15:00	HH:mm – HH:mm	14:00–15:00	HH:mm – HH:mm	Moderate	1713906000000	1713909600000	datetime	1
DateAndTime	TimeIntervals	12h	intervalFormats	hm		a	2	//ldml/dates/calendars/calendar[@type="gregorian"]/dateTimeFormats/intervalFormats/intervalFormatItem[@id="hm"]/greatestDifference[@id="a"]	ti-19_XXX	10:00 AM – 2:00 PM	h:mm a – h:mm a	10:00 AM – 2:00 PM	h:mm a – h:mm a	Moderate	1713891600000	1713906000000	datetime	1
DateAndTime	TimeIntervals	12h	intervalFormats	hm		h	2	//ldml/dates/calendars/calendar[@type="gregorian"]/dateTimeFormats/intervalFormats/intervalFormatItem[@id="hm"]/greatestDifference[@id="h"]	ti-20_XXX	3:00–4:00 PM	h:mm – h:mm a	3:00–4:00 PM	h:mm – h:mm a	Moderate	1713909600000	1713913200000	datetime	1
DateAndTime	TimeIntervals	12h	intervalFormats	hm		m	2	//ldml/dates/calendars/calendar[@type="gregorian"]/dateTimeFormats/intervalFormats/intervalFormatItem[@id="hm"]/greatestDifference[@id="m"]	ti-21_XXX	3:00–3:15 PM	h:mm – h:mm a	3:00–3:15 PM	h:mm – h:mm a	Moderate	1713909600000	1713910500000	datetime	1
DateAndTime	TimeIntervals	24h	intervalFormats	Hm		H	2	//ldml/dates/calendars/calendar[@type="gregorian"]/dateTimeFormats/intervalFormats/intervalFormatItem[@id="Hm"]/greatestDifference[@id="H"]	ti-28_XXX	14:00–15:00	HH:mm – HH:mm	14:00–15:00	HH:mm – HH:mm	Moderate	1713906000000	1713909600000	datetime	1
DateAndTime	TimeIntervals	24h	intervalFormats	Hm		m	2	//ldml/dates/calendars/calendar[@type="gregorian"]/dateTimeFormats/intervalFormats/intervalFormatItem[@id="Hm"]/greatestDifference[@id="m"]	ti-29_XXX	14:00–14:15	HH:mm – HH:mm	14:00–14:15	HH:mm – HH:mm	Moderate	1713906000000	1713906900000	datetime	1
DateAndTime	TimeIntervals	12h	intervalFormats	hmv		a	1	//ldml/dates/calendars/calendar[@type="gregorian"]/dateTimeFormats/intervalFormats/intervalFormatItem[@id="hmv"]/greatestDifference[@id="a"]	ti-6_XXX	10:00 AM – 2:00 PM GMT	h:mm a – h:mm a v	10:00 AM – 2:00 PM UTC	h:mm a – h:mm a v	Moderate	1713891600000	1713906000000	datetime	1
DateAndTime	TimeIntervals	12h	intervalFormats	hmv		h	1	//ldml/dates/calendars/calendar[@type="gregorian"]/dateTimeFormats/intervalFormats/intervalFormatItem[@id="hmv"]/greatestDifference[@id="h"]	ti-7_XXX	1:00–2:00 PM GMT	h:mm – h:mm a v	1:00–2:00 PM UTC	h:mm – h:mm a v	Moderate	1713902400000	1713906000000	datetime	1
DateAndTime	TimeIntervals	12h	intervalFormats	hmv		m	1	//ldml/dates/calendars/calendar[@type="gregorian"]/dateTimeFormats/intervalFormats/intervalFormatItem[@id="hmv"]/greatestDifference[@id="m"]	ti-8_XXX	1:00–1:15 PM GMT	h:mm – h:mm a v	1:00–1:15 PM UTC	h:mm – h:mm a v	Moderate	1713902400000	1713903300000	datetime	1
DateAndTime	TimeIntervals	24h	intervalFormats	Hmv		H	1	//ldml/dates/calendars/calendar[@type="gregorian"]/dateTimeFormats/intervalFormats/intervalFormatItem[@id="Hmv"]/greatestDifference[@id="H"]	ti-11_XXX	14:00–15:00 GMT	HH:mm – HH:mm v	14:00–15:00 UTC	HH:mm – HH:mm v	Moderate	1713906000000	1713909600000	datetime	1
DateAndTime	TimeIntervals	24h	intervalFormats	Hmv		m	1	//ldml/dates/calendars/calendar[@type="gregorian"]/dateTimeFormats/intervalFormats/intervalFormatItem[@id="Hmv"]/greatestDifference[@id="m"]	ti-12_XXX	14:00–14:15 GMT	HH:mm – HH:mm v	14:00–14:15 UTC	HH:mm – HH:mm v	Moderate	1713906000000	1713906900000	datetime	1
DateAndTime	TimeIntervals	12h	intervalFormats	hmv		a	2	//ldml/dates/calendars/calendar[@type="gregorian"]/dateTimeFormats/intervalFormats/intervalFormatItem[@id="hmv"]/greatestDifference[@id="a"]	ti-22_XXX	10:00 AM – 2:00 PM GMT	h:mm a – h:mm a v	10:00 AM – 2:00 PM UTC	h:mm a – h:mm a v	Moderate	1713891600000	1713906000000	datetime	1
DateAndTime	TimeIntervals	12h	intervalFormats	hmv		h	2	//ldml/dates/calendars/calendar[@type="gregorian"]/dateTimeFormats/intervalFormats/intervalFormatItem[@id="hmv"]/greatestDifference[@id="h"]	ti-23_XXX	1:00–2:00 PM GMT	h:mm – h:mm a v	1:00–2:00 PM UTC	h:mm – h:mm a v	Moderate	1713902400000	1713906000000	datetime	1
DateAndTime	TimeIntervals	12h	intervalFormats	hmv		m	2	//ldml/dates/calendars/calendar[@type="gregorian"]/dateTimeFormats/intervalFormats/intervalFormatItem[@id="hmv"]/greatestDifference[@id="m"]	ti-24_XXX	1:00–1:15 PM GMT	h:mm – h:mm a v	1:00–1:15 PM UTC	h:mm – h:mm a v	Moderate	1713902400000	1713903300000	datetime	1
DateAndTime	TimeIntervals	24h	intervalFormats	Hmv		H	2	//ldml/dates/calendars/calendar[@type="gregorian"]/dateTimeFormats/intervalFormats/intervalFormatItem[@id="Hmv"]/greatestDifference[@id="H"]	ti-30_XXX	14:00–15:00 GMT	HH:mm – HH:mm v	14:00–15:00 UTC	HH:mm – HH:mm v	Moderate	1713906000000	1713909600000	datetime	1
DateAndTime	TimeIntervals	24h	intervalFormats	Hmv		m	2	//ldml/dates/calendars/calendar[@type="gregorian"]/dateTimeFormats/intervalFormats/intervalFormatItem[@id="Hmv"]/greatestDifference[@id="m"]	ti-31_XXX	14:00–14:15 GMT	HH:mm – HH:mm v	14:00–14:15 UTC	HH:mm – HH:mm v	Moderate	1713906000000	1713906900000	datetime	1
DateAndTime	TimeIntervals	12h	intervalFormats	hv		a	1	//ldml/dates/calendars/calendar[@type="gregorian"]/dateTimeFormats/intervalFormats/intervalFormatItem[@id="hv"]/greatestDifference[@id="a"]	ti-9_XXX	10 AM – 2 PM GMT	h a – h a v	10 AM – 2 PM UTC	h a – h a v	Moderate	1713891600000	1713906000000	datetime	1
DateAndTime	TimeIntervals	12h	intervalFormats	hv		h	1	//ldml/dates/calendars/calendar[@type="gregorian"]/dateTimeFormats/intervalFormats/intervalFormatItem[@id="hv"]/greatestDifference[@id="h"]	ti-10_XXX	1–2 PM GMT	h – h a v	1–2 PM UTC	h – h a v	Moderate	1713902400000	1713906000000	datetime	1
DateAndTime	TimeIntervals	24h	intervalFormats	Hv		H	1	//ldml/dates/calendars/calendar[@type="gregorian"]/dateTimeFormats/intervalFormats/intervalFormatItem[@id="Hv"]/greatestDifference[@id="H"]	ti-13_XXX	14–15 GMT	HH – HH v	14–15 UTC	HH – HH v	Moderate	1713906000000	1713909600000	datetime	1
DateAndTime	TimeIntervals	12h	intervalFormats	hv		a	2	//ldml/dates/calendars/calendar[@type="gregorian"]/dateTimeFormats/intervalFormats/intervalFormatItem[@id="hv"]/greatestDifference[@id="a"]	ti-25_XXX	10 AM – 2 PM GMT	h a – h a v	10 AM – 2 PM UTC	h a – h a v	Moderate	1713891600000	1713906000000	datetime	1
DateAndTime	TimeIntervals	12h	intervalFormats	hv		h	2	//ldml/dates/calendars/calendar[@type="gregorian"]/dateTimeFormats/intervalFormats/intervalFormatItem[@id="hv"]/greatestDifference[@id="h"]	ti-26_XXX	1–2 PM GMT	h – h a v	1–2 PM UTC	h – h a v	Moderate	1713902400000	1713906000000	datetime	1
DateAndTime	TimeIntervals	24h	intervalFormats	Hv		H	2	//ldml/dates/calendars/calendar[@type="gregorian"]/dateTimeFormats/intervalFormats/intervalFormatItem[@id="Hv"]/greatestDifference[@id="H"]	ti-32_XXX	14–15 GMT	HH – HH v	14–15 UTC	HH – HH v	Moderate	1713906000000	1713909600000	datetime	1
DateAndTime	DateIntervals		intervalFormats	M		M	1	//ldml/dates/calendars/calendar[@type="gregorian"]/dateTimeFormats/intervalFormats/intervalFormatItem[@id="M"]/greatestDifference[@id="M"]	dc-60_XXX	4 – 5	M – M	4–5	M–M	Moderate	1713855600000	1716447600000	datetime	1
DateAndTime	DateIntervals		intervalFormats	M		M	2	//ldml/dates/calendars/calendar[@type="gregorian"]/dateTimeFormats/intervalFormats/intervalFormatItem[@id="M"]/greatestDifference[@id="M"]	dc-61_XXX	4 – 5	M – M	4–5	M–M	Moderate	1713855600000	1716447600000	datetime	1
DateAndTime	DateIntervals		intervalFormats	Md		M	1	//ldml/dates/calendars/calendar[@type="gregorian"]/dateTimeFormats/intervalFormats/intervalFormatItem[@id="Md"]/greatestDifference[@id="M"]	dc-25_XXX	4/23 – 5/23	M/d – M/d	23/04 – 23/05	dd/MM – dd/MM	Moderate	1713855600000	1716447600000	datetime	1
DateAndTime	DateIntervals		intervalFormats	Md		d	1	//ldml/dates/calendars/calendar[@type="gregorian"]/dateTimeFormats/intervalFormats/intervalFormatItem[@id="Md"]/greatestDifference[@id="d"]	dc-26_XXX	4/23 – 4/24	M/d – M/d	23/04 – 24/04	dd/MM – dd/MM	Moderate	1713855600000	1713942000000	datetime	1
DateAndTime	DateIntervals		intervalFormats	Md		d	2	//ldml/dates/calendars/calendar[@type="gregorian"]/dateTimeFormats/intervalFormats/intervalFormatItem[@id="Md"]/greatestDifference[@id="d"]	dc-63_XXX	4/23 – 4/24	M/d – M/d	23/04 – 24/04	dd/MM – dd/MM	Moderate	1713855600000	1713942000000	datetime	1
DateAndTime	DateIntervals		intervalFormats	Md		M	2	//ldml/dates/calendars/calendar[@type="gregorian"]/dateTimeFormats/intervalFormats/intervalFormatItem[@id="Md"]/greatestDifference[@id="M"]	dc-64_XXX	4/23 – 5/23	M/d – M/d	23/04 – 23/05	dd/MM – dd/MM	Moderate	1713855600000	1716447600000	datetime	1
DateAndTime	DateIntervals		intervalFormats	MEd		M	1	//ldml/dates/calendars/calendar[@type="gregorian"]/dateTimeFormats/intervalFormats/intervalFormatItem[@id="MEd"]/greatestDifference[@id="M"]	dc-22_XXX	Tue, 4/23 – Thu, 5/23	E, M/d – E, M/d	mar. 23/04 – jeu. 23/05	E dd/MM – E dd/MM	Moderate	1713855600000	1716447600000	datetime	1
DateAndTime	DateIntervals		intervalFormats	MEd		d	1	//ldml/dates/calendars/calendar[@type="gregorian"]/dateTimeFormats/intervalFormats/intervalFormatItem[@id="MEd"]/greatestDifference[@id="d"]	dc-23_XXX	Tue, 4/23 – Wed, 4/24	E, M/d – E, M/d	mar. 23/04 – mer. 24/04	E dd/MM – E dd/MM	Moderate	1713855600000	1713942000000	datetime	1
DateAndTime	DateIntervals		intervalFormats	MEd		d	2	//ldml/dates/calendars/calendar[@type="gregorian"]/dateTimeFormats/intervalFormats/intervalFormatItem[@id="MEd"]/greatestDifference[@id="d"]	dc-42_XXX	Tue, 4/23 – Wed, 4/24	E, M/d – E, M/d	mar. 23/04 – mer. 24/04	E dd/MM – E dd/MM	Moderate	1713855600000	1713942000000	datetime	1
DateAndTime	DateIntervals		intervalFormats	MEd		M	2	//ldml/dates/calendars/calendar[@type="gregorian"]/dateTimeFormats/intervalFormats/intervalFormatItem[@id="MEd"]/greatestDifference[@id="M"]	dc-43_XXX	Tue, 4/23 – Thu, 5/23	E, M/d – E, M/d	mar. 23/04 – jeu. 23/05	E dd/MM – E dd/MM	Moderate	1713855600000	1716447600000	datetime	1
DateAndTime	DateIntervals		intervalFormats	MMM		M	1	//ldml/dates/calendars/calendar[@type="gregorian"]/dateTimeFormats/intervalFormats/intervalFormatItem[@id="MMM"]/greatestDifference[@id="M"]	dc-89_XXX	Apr – May	MMM – MMM	avr.–mai	MMM–MMM	Moderate	1713855600000	1716447600000	datetime	1
DateAndTime	DateIntervals		intervalFormats	MMMd		d	1	//ldml/dates/calendars/calendar[@type="gregorian"]/dateTimeFormats/intervalFormats/intervalFormatItem[@id="MMMd"]/greatestDifference[@id="d"]	dc-91_XXX	Apr 23 – 24	MMM d – d	23–24 avr.	d–d MMM	Moderate	1713855600000	1713942000000	datetime	1
DateAndTime	DateIntervals		intervalFormats	MMMd		M	1	//ldml/dates/calendars/calendar[@type="gregorian"]/dateTimeFormats/intervalFormats/intervalFormatItem[@id="MMMd"]/greatestDifference[@id="M"]	dc-92_XXX	Apr 23 – May 23	MMM d – MMM d	23 avr. – 23 mai	d MMM – d MMM	Moderate	1713855600000	1716447600000	datetime	1
DateAndTime	DateIntervals		intervalFormats	MMMEd		d	1	//ldml/dates/calendars/calendar[@type="gregorian"]/dateTimeFormats/intervalFormats/intervalFormatItem[@id="MMMEd"]/greatestDifference[@id="d"]	dc-94_XXX	Tue, Apr 23 – Wed, Apr 24	E, MMM d – E, MMM d	mar. 23 – mer. 24 avr.	E d – E d MMM	Moderate	1713855600000	1713942000000	datetime	1
DateAndTime	DateIntervals		intervalFormats	MMMEd		M	1	//ldml/dates/calendars/calendar[@type="gregorian"]/dateTimeFormats/intervalFormats/intervalFormatItem[@id="MMMEd"]/greatestDifference[@id="M"]	dc-95_XXX	Tue, Apr 23 – Thu, May 23	E, MMM d – E, MMM d	mar. 23 avr. – jeu. 23 mai	E d MMM – E d MMM	Moderate	1713855600000	1716447600000	datetime	1
DateAndTime	DateIntervals		intervalFormats	y		y	1	//ldml/dates/calendars/calendar[@type="gregorian"]/dateTimeFormats/intervalFormats/intervalFormatItem[@id="y"]/greatestDifference[@id="y"]	dc-11_XXX	2024 – 2027	y – y	2024–2027	y–y	Moderate	1713855600000	1808463600000	datetime	1
DateAndTime	DateIntervals		intervalFormats	y		y	2	//ldml/dates/calendars/calendar[@type="gregorian"]/dateTimeFormats/intervalFormats/intervalFormatItem[@id="y"]/greatestDifference[@id="y"]	dc-29_XXX	2024 – 2027	y – y	2024–2027	y–y	Moderate	1713855600000	1808463600000	datetime	1
DateAndTime	DateIntervals		intervalFormats	y		y	3	//ldml/dates/calendars/calendar[@type="gregorian"]/dateTimeFormats/intervalFormats/intervalFormatItem[@id="y"]/greatestDifference[@id="y"]	dc-30_XXX	2023 – 2024	y – y	2023–2024	y–y	Moderate	1672531200000	1713855600000	datetime	1
DateAndTime	DateIntervals		intervalFormats	yM		y	1	//ldml/dates/calendars/calendar[@type="gregorian"]/dateTimeFormats/intervalFormats/intervalFormatItem[@id="yM"]/greatestDifference[@id="y"]	dc-27_XXX	4/2024 – 4/2027	M/y – M/y	04/2024 – 04/2027	MM/y – MM/y	Moderate	1713855600000	1808463600000	datetime	1
DateAndTime	DateIntervals		intervalFormats	yM		M	1	//ldml/dates/calendars/calendar[@type="gregorian"]/dateTimeFormats/intervalFormats/intervalFormatItem[@id="yM"]/greatestDifference[@id="M"]	dc-28_XXX	4/2024 – 5/2024	M/y – M/y	04/2024 – 04/2024	MM/y – MM/y	Moderate	1713855600000	1716447600000	datetime	1
DateAndTime	DateIntervals		intervalFormats	yMd		y	1	//ldml/dates/calendars/calendar[@type="gregorian"]/dateTimeFormats/intervalFormats/intervalFormatItem[@id="yMd"]/greatestDifference[@id="y"]	dc-24_XXX	4/23/2024 – 4/23/2027	M/d/y – M/d/y	23/04/2024 – 23/04/2027	dd/MM/y – dd/MM/y	Moderate	1713855600000	1808463600000	datetime	1
DateAndTime	DateIntervals		intervalFormats	yMd		d	1	//ldml/dates/calendars/calendar[@type="gregorian"]/dateTimeFormats/intervalFormats/intervalFormatItem[@id="yMd"]/greatestDifference[@id="d"]	dc-65_XXX	4/23/2024 – 4/24/2024	M/d/y – M/d/y	23/04/2024 – 24/04/2024	dd/MM/y – dd/MM/y	Moderate	1713855600000	1713942000000	datetime	1
DateAndTime	DateIntervals		intervalFormats	yMd		M	1	//ldml/dates/calendars/calendar[@type="gregorian"]/dateTimeFormats/intervalFormats/intervalFormatItem[@id="yMd"]/greatestDifference[@id="M"]	dc-66_XXX	4/23/2024 – 5/23/2024	M/d/y – M/d/y	23/04/2024 – 23/05/2024	dd/MM/y – dd/MM/y	Moderate	1713855600000	1716447600000	datetime	1
DateAndTime	DateIntervals		intervalFormats	yMd		y	2	//ldml/dates/calendars/calendar[@type="gregorian"]/dateTimeFormats/intervalFormats/intervalFormatItem[@id="yMd"]/greatestDifference[@id="y"]	dc-67_XXX	4/23/2024 – 4/23/2027	M/d/y – M/d/y	23/04/2024 – 23/04/2027	dd/MM/y – dd/MM/y	Moderate	1713855600000	1808463600000	datetime	1
DateAndTime	DateIntervals		intervalFormats	yMEd		y	1	//ldml/dates/calendars/calendar[@type="gregorian"]/dateTimeFormats/intervalFormats/intervalFormatItem[@id="yMEd"]/greatestDifference[@id="y"]	dc-21_XXX	Tue, 4/23/2024 – Fri, 4/23/2027	E, M/d/y – E, M/d/y	mar. 23/04/2024 – ven. 23/04/2027	E dd/MM/y – E dd/MM/y	Moderate	1713855600000	1808463600000	datetime	1
DateAndTime	DateIntervals		intervalFormats	yMMM		y	1	//ldml/dates/calendars/calendar[@type="gregorian"]/dateTimeFormats/intervalFormats/intervalFormatItem[@id="yMMM"]/greatestDifference[@id="y"]	dc-19_XXX	Apr 2024 – Apr 2027	MMM y – MMM y	avr. 2024 – avr. 2027	MMM y – MMM y	Moderate	1713855600000	1808463600000	datetime	1
DateAndTime	DateIntervals		intervalFormats	yMMM		M	1	//ldml/dates/calendars/calendar[@type="gregorian"]/dateTimeFormats/intervalFormats/intervalFormatItem[@id="yMMM"]/greatestDifference[@id="M"]	dc-20_XXX	Apr – May 2024	MMM – MMM y	avr.–mai 2024	MMM–MMM y	Moderate	1713855600000	1716447600000	datetime	1
DateAndTime	DateIntervals		intervalFormats	yMMM		M	2	//ldml/dates/calendars/calendar[@type="gregorian"]/dateTimeFormats/intervalFormats/intervalFormatItem[@id="yMMM"]/greatestDifference[@id="M"]	dc-73_XXX	Apr – May 2024	MMM – MMM y	avr.–mai 2024	MMM–MMM y	Moderate	1713855600000	1716447600000	datetime	1
DateAndTime	DateIntervals		intervalFormats	yMMMd		y	1	//ldml/dates/calendars/calendar[@type="gregorian"]/dateTimeFormats/intervalFormats/intervalFormatItem[@id="yMMMd"]/greatestDifference[@id="y"]	dc-16_XXX	Apr 23, 2024 – Apr 23, 2027	MMM d, y – MMM d, y	23 avr. 2024 – 23 avr. 2027	d MMM y – d MMM y	Moderate	1713855600000	1808463600000	datetime	1
DateAndTime	DateIntervals		intervalFormats	yMMMd		M	1	//ldml/dates/calendars/calendar[@type="gregorian"]/dateTimeFormats/intervalFormats/intervalFormatItem[@id="yMMMd"]/greatestDifference[@id="M"]	dc-17_XXX	Apr 23 – May 23, 2024	MMM d – MMM d, y	23 avr. – 23 mai 2024	d MMM – d MMM y	Moderate	1713855600000	1716447600000	datetime	1
DateAndTime	DateIntervals		intervalFormats	yMMMd		d	1	//ldml/dates/calendars/calendar[@type="gregorian"]/dateTimeFormats/intervalFormats/intervalFormatItem[@id="yMMMd"]/greatestDifference[@id="d"]	dc-18_XXX	Apr 23 – 24, 2024	MMM d – d, y	23–24 avr. 2024	d–d MMM y	Moderate	1713855600000	1713942000000	datetime	1
DateAndTime	DateIntervals		intervalFormats	yMMMd		d	2	//ldml/dates/calendars/calendar[@type="gregorian"]/dateTimeFormats/intervalFormats/intervalFormatItem[@id="yMMMd"]/greatestDifference[@id="d"]	dc-74_XXX	Apr 23 – 24, 2024	MMM d – d, y	23–24 avr. 2024	d–d MMM y	Moderate	1713855600000	1713942000000	datetime	1
DateAndTime	DateIntervals		intervalFormats	yMMMd		M	2	//ldml/dates/calendars/calendar[@type="gregorian"]/dateTimeFormats/intervalFormats/intervalFormatItem[@id="yMMMd"]/greatestDifference[@id="M"]	dc-75_XXX	Apr 23 – May 23, 2024	MMM d – MMM d, y	23 avr. – 23 mai 2024	d MMM – d MMM y	Moderate	1713855600000	1716447600000	datetime	1
DateAndTime	DateIntervals		intervalFormats	yMMMEd		y	1	//ldml/dates/calendars/calendar[@type="gregorian"]/dateTimeFormats/intervalFormats/intervalFormatItem[@id="yMMMEd"]/greatestDifference[@id="y"]	dc-13_XXX	Tue, Apr 23, 2024 – Fri, Apr 23, 2027	E, MMM d, y – E, MMM d, y	mar. 23 avr. 2024 – ven. 23 avr. 2027	E d MMM y – E d MMM y	Moderate	1713855600000	1808463600000	datetime	1
DateAndTime	DateIntervals		intervalFormats	yMMMEd		M	1	//ldml/dates/calendars/calendar[@type="gregorian"]/dateTimeFormats/intervalFormats/intervalFormatItem[@id="yMMMEd"]/greatestDifference[@id="M"]	dc-14_XXX	Tue, Apr 23 – Thu, May 23, 2024	E, MMM d – E, MMM d, y	mar. 23 avr. – jeu. 23 mai 2024	E d MMM – E d MMM y	Moderate	1713855600000	1716447600000	datetime	1
DateAndTime	DateIntervals		intervalFormats	yMMMEd		d	1	//ldml/dates/calendars/calendar[@type="gregorian"]/dateTimeFormats/intervalFormats/intervalFormatItem[@id="yMMMEd"]/greatestDifference[@id="d"]	dc-15_XXX	Tue, Apr 23 – Wed, Apr 24, 2024	E, MMM d – E, MMM d, y	mar. 23 – mer. 23 avr. 2024	E d – E d MMM y	Moderate	1713855600000	1713942000000	datetime	1
DateAndTime	DateIntervals		intervalFormats	yMMMM		y	1	//ldml/dates/calendars/calendar[@type="gregorian"]/dateTimeFormats/intervalFormats/intervalFormatItem[@id="yMMMM"]/greatestDifference[@id="y"]	dc-12_XXX	April 2024 – May 2024	MMMM y – MMMM y	avril 2024–mai 2024	MMMM y – MMMM y	Moderate	1713855600000	1716447600000	datetime	1
DateAndTime	DateFields		M		w		0	//ldml/dates/fields/field[@type="month"]/displayName	dw-8_XXX	month	month	mois	mois	Moderate				1
DateAndTime	DateFields		M		s		0	//ldml/dates/fields/field[@type="month-short"]/displayName	dw-9_XXX	mo.	mo.	m.	m.	Moderate				1
DateAndTime	DateFields		M		n		0	//ldml/dates/fields/field[@type="month-narrow"]/displayName	dw-10_XXX	mo	mo	m.	m.	Moderate				1
DateAndTime	DateFields		m		w		0	//ldml/dates/fields/field[@type="minute"]/displayName	dw-18_XXX	minute	minute	minute	minute	Moderate				1
DateAndTime	DateFields		m		s		0	//ldml/dates/fields/field[@type="minute-short"]/displayName	dw-18_XXX	min.	min.	min	min	Moderate				5
DateAndTime	DateFields		m		n		0	//ldml/dates/fields/field[@type="minute-narrow"]/displayName	dw-19_XXX	min	min	min	min	Moderate				1
DateAndTime	RelativeTime		M	-1			0	//ldml/dates/fields/field[@type="month"]/relative[@type="-1"]	rt-1_XXX	last month	last month	le mois dernier	le mois dernier	Moderate				1
DateAndTime	RelativeTime		M	0			0	//ldml/dates/fields/field[@type="month"]/relative[@type="0"]	rt-5_XXX	this month	this month	ce mois-ci	ce mois-ci	Moderate				1
DateAndTime	Months		M	1	w		0	//ldml/dates/calendars/calendar[@type="gregorian"]/months/monthContext[@type="stand-alone"]/monthWidth[@type="wide"]/month[@type="1"]	mw-1_XXX	January	January	janvier	janvier	Moderate				1
DateAndTime	Months		M	1	a		0	//ldml/dates/calendars/calendar[@type="gregorian"]/months/monthContext[@type="stand-alone"]/monthWidth[@type="abbreviated"]/month[@type="1"]	mw-13_XXX	Jan	Jan	janv.	janv.	Moderate				1
DateAndTime	Months		M	1	n		0	//ldml/dates/calendars/calendar[@type="gregorian"]/months/monthContext[@type="stand-alone"]/monthWidth[@type="narrow"]/month[@type="1"]	mw-25_XXX	J	J	J	J	Moderate				1
DateAndTime	RelativeTime		M	1			0	//ldml/dates/fields/field[@type="month"]/relative[@type="1"]	rt-10_XXX	next month	next month	le mois prochain	le mois prochain	Moderate				1
DateAndTime	Months		M	10	w		0	//ldml/dates/calendars/calendar[@type="gregorian"]/months/monthContext[@type="stand-alone"]/monthWidth[@type="wide"]/month[@type="10"]	mw-10_XXX	October	October	octobre	octobre	Moderate				1
DateAndTime	Months		M	10	a		0	//ldml/dates/calendars/calendar[@type="gregorian"]/months/monthContext[@type="stand-alone"]/monthWidth[@type="abbreviated"]/month[@type="10"]	mw-22_XXX	Oct	Oct	oct.	oct.	Moderate				1
DateAndTime	Months		M	10	n		0	//ldml/dates/calendars/calendar[@type="gregorian"]/months/monthContext[@type="stand-alone"]/monthWidth[@type="narrow"]/month[@type="10"]	mw-34_XXX	O	O	O	O	Moderate				1
DateAndTime	Months		M	11	w		0	//ldml/dates/calendars/calendar[@type="gregorian"]/months/monthContext[@type="stand-alone"]/monthWidth[@type="wide"]/month[@type="11"]	mw-11_XXX	November	November	novembre	novembre	Moderate				1
DateAndTime	Months		M	11	a		0	//ldml/dates/calendars/calendar[@type="gregorian"]/months/monthContext[@type="stand-alone"]/monthWidth[@type="abbreviated"]/month[@type="11"]	mw-23_XXX	Nov	Nov	nov.	nov.	Moderate				1
DateAndTime	Months		M	11	n		0	//ldml/dates/calendars/calendar[@type="gregorian"]/months/monthContext[@type="stand-alone"]/monthWidth[@type="narrow"]/month[@type="11"]	mw-35_XXX	N	N	N	N	Moderate				1
DateAndTime	Months		M	12	w		0	//ldml/dates/calendars/calendar[@type="gregorian"]/months/monthContext[@type="stand-alone"]/monthWidth[@type="wide"]/month[@type="12"]	mw-12_XXX	December	December	décembre	décembre	Moderate				1
DateAndTime	Months		M	12	a		0	//ldml/dates/calendars/calendar[@type="gregorian"]/months/monthContext[@type="stand-alone"]/monthWidth[@type="abbreviated"]/month[@type="12"]	mw-24_XXX	Dec	Dec	déc.	déc.	Moderate				1
DateAndTime	Months		M	12	n		0	//ldml/dates/calendars/calendar[@type="gregorian"]/months/monthContext[@type="stand-alone"]/monthWidth[@type="narrow"]/month[@type="12"]	mw-36_XXX	D	D	D	D	Moderate				1
DateAndTime	Months		M	2	w		0	//ldml/dates/calendars/calendar[@type="gregorian"]/months/monthContext[@type="stand-alone"]/monthWidth[@type="wide"]/month[@type="2"]	mw-2_XXX	February	February	février	février	Moderate				1
DateAndTime	Months		M	2	a		0	//ldml/dates/calendars/calendar[@type="gregorian"]/months/monthContext[@type="stand-alone"]/monthWidth[@type="abbreviated"]/month[@type="2"]	mw-14_XXX	Feb	Feb	févr.	févr.	Moderate				1
DateAndTime	Months		M	2	n		0	//ldml/dates/calendars/calendar[@type="gregorian"]/months/monthContext[@type="stand-alone"]/monthWidth[@type="narrow"]/month[@type="2"]	mw-26_XXX	F	F	F	F	Moderate				1
DateAndTime	Months		M	3	w		0	//ldml/dates/calendars/calendar[@type="gregorian"]/months/monthContext[@type="stand-alone"]/monthWidth[@type="wide"]/month[@type="3"]	mw-3_XXX	March	March	mars	mars	Moderate				1
DateAndTime	Months		M	3	a		0	//ldml/dates/calendars/calendar[@type="gregorian"]/months/monthContext[@type="stand-alone"]/monthWidth[@type="abbreviated"]/month[@type="3"]	mw-15_XXX	Mar	Mar	mars	mars	Moderate				1
DateAndTime	Months		M	3	n		0	//ldml/dates/calendars/calendar[@type="gregorian"]/months/monthContext[@type="stand-alone"]/monthWidth[@type="narrow"]/month[@type="3"]	mw-27_XXX	M	M	M	M	Moderate				1
DateAndTime	Months		M	4	w		0	//ldml/dates/calendars/calendar[@type="gregorian"]/months/monthContext[@type="stand-alone"]/monthWidth[@type="wide"]/month[@type="4"]	mw-4_XXX	April	April	avril	avril	Moderate				1
DateAndTime	Months		M	4	a		0	//ldml/dates/calendars/calendar[@type="gregorian"]/months/monthContext[@type="stand-alone"]/monthWidth[@type="abbreviated"]/month[@type="4"]	mw-16_XXX	Apr	Apr	avr.	avr.	Moderate				1
DateAndTime	Months		M	4	n		0	//ldml/dates/calendars/calendar[@type="gregorian"]/months/monthContext[@type="stand-alone"]/monthWidth[@type="narrow"]/month[@type="4"]	mw-28_XXX	A	A	A	A	Moderate				1
DateAndTime	Months		M	5	w		0	//ldml/dates/calendars/calendar[@type="gregorian"]/months/monthContext[@type="stand-alone"]/monthWidth[@type="wide"]/month[@type="5"]	mw-5_XXX	May	May	mai	mai	Moderate				1
DateAndTime	Months		M	5	a		0	//ldml/dates/calendars/calendar[@type="gregorian"]/months/monthContext[@type="stand-alone"]/monthWidth[@type="abbreviated"]/month[@type="5"]	mw-17_XXX	May	May	mai	mai	Moderate				1
DateAndTime	Months		M	5	n		0	//ldml/dates/calendars/calendar[@type="gregorian"]/months/monthContext[@type="stand-alone"]/monthWidth[@type="narrow"]/month[@type="5"]	mw-29_XXX	M	M	M	M	Moderate				1
DateAndTime	Months		M	6	w		0	//ldml/dates/calendars/calendar[@type="gregorian"]/months/monthContext[@type="stand-alone"]/monthWidth[@type="wide"]/month[@type="6"]	mw-6_XXX	June	June	juin	juin	Moderate				1
DateAndTime	Months		M	6	a		0	//ldml/dates/calendars/calendar[@type="gregorian"]/months/monthContext[@type="stand-alone"]/monthWidth[@type="abbreviated"]/month[@type="6"]	mw-18_XXX	Jun	Jun	juin	juin	Moderate				1
DateAndTime	Months		M	6	n		0	//ldml/dates/calendars/calendar[@type="gregorian"]/months/monthContext[@type="stand-alone"]/monthWidth[@type="narrow"]/month[@type="6"]	mw-30_XXX	J	J	J	J	Moderate				1
DateAndTime	Months		M	7	w		0	//ldml/dates/calendars/calendar[@type="gregorian"]/months/monthContext[@type="stand-alone"]/monthWidth[@type="wide"]/month[@type="7"]	mw-7_XXX	July	July	juillet	juillet	Moderate				1
DateAndTime	Months		M	7	a		0	//ldml/dates/calendars/calendar[@type="gregorian"]/months/monthContext[@type="stand-alone"]/monthWidth[@type="abbreviated"]/month[@type="7"]	mw-19_XXX	Jul	Jul	juil.	juil.	Moderate				1
DateAndTime	Months		M	7	n		0	//ldml/dates/calendars/calendar[@type="gregorian"]/months/monthContext[@type="stand-alone"]/monthWidth[@type="narrow"]/month[@type="7"]	mw-31_XXX	J	J	J	J	Moderate				1
DateAndTime	Months		M	8	w		0	//ldml/dates/calendars/calendar[@type="gregorian"]/months/monthContext[@type="stand-alone"]/monthWidth[@type="wide"]/month[@type="8"]	mw-8_XXX	August	August	août	août	Moderate				1
DateAndTime	Months		M	8	a		0	//ldml/dates/calendars/calendar[@type="gregorian"]/months/monthContext[@type="stand-alone"]/monthWidth[@type="abbreviated"]/month[@type="8"]	mw-20_XXX	Aug	Aug	août	août	Moderate				1
DateAndTime	Months		M	8	n		0	//ldml/dates/calendars/calendar[@type="gregorian"]/months/monthContext[@type="stand-alone"]/monthWidth[@type="narrow"]/month[@type="8"]	mw-32_XXX	A	A	A	A	Moderate				1
DateAndTime	Months		M	9	w		0	//ldml/dates/calendars/calendar[@type="gregorian"]/months/monthContext[@type="stand-alone"]/monthWidth[@type="wide"]/month[@type="9"]	mw-9_XXX	September	September	septembre	septembre	Moderate				1
DateAndTime	Months		M	9	a		0	//ldml/dates/calendars/calendar[@type="gregorian"]/months/monthContext[@type="stand-alone"]/monthWidth[@type="abbreviated"]/month[@type="9"]	mw-21_XXX	Sep	Sep	sept.	sept.	Moderate				1
DateAndTime	Months		M	9	n		0	//ldml/dates/calendars/calendar[@type="gregorian"]/months/monthContext[@type="stand-alone"]/monthWidth[@type="narrow"]/month[@type="9"]	mw-33_XXX	S	S	S	S	Moderate				1
DateAndTime	Relative Time		past	d		one	1	//ldml/dates/fields/field[@type="day"]/relativeTime[@type="past"]/relativeTimePattern[@count="one"]	uli-594_180	He left 1 day ago	{0} day ago	Il est parti il ​​y a un jour	il y a {0} jour	Modern	1		sentence	2_1
DateAndTime	Relative Time		past	d		two	1	//ldml/dates/fields/field[@type="day"]/relativeTime[@type="past"]/relativeTimePattern[@count="two"]	uli-594_181	He left 2 days ago	{0} days ago	Il est parti il ​​y a 2 jours		Modern	2		sentence	2_1
DateAndTime	Relative Time		past	d		other	1	//ldml/dates/fields/field[@type="day"]/relativeTime[@type="past"]/relativeTimePattern[@count="other"]	uli-594_182	He left 5 days ago	{0} days ago	Il est parti il ​​y a 5 jours	il y a {0} jours	Modern	5		sentence	2_1
DateAndTime	Relative Time		past	h		one	1	//ldml/dates/fields/field[@type="hour"]/relativeTime[@type="past"]/relativeTimePattern[@count="one"]	uli-594_171	He left 1 hour ago	{0} hour ago	Il est parti il ​​y a une heure	il y a {0} heure	Modern	1		sentence	2_1
DateAndTime	Relative Time		past	h		two	1	//ldml/dates/fields/field[@type="hour"]/relativeTime[@type="past"]/relativeTimePattern[@count="two"]	uli-594_172	He left 2 hours ago	{0} hours ago	Il est parti il ​​y a 2 heures		Modern	2		sentence	2_1
DateAndTime	Relative Time		past	h		other	1	//ldml/dates/fields/field[@type="hour"]/relativeTime[@type="past"]/relativeTimePattern[@count="other"]	uli-594_173	He left 5 hours ago	{0} hours ago	Il est parti il ​​y a 5 heures	il y a {0} heures	Modern	5		sentence	2_1
DateAndTime	Relative Time		past	m		one	1	//ldml/dates/fields/field[@type="minute"]/relativeTime[@type="past"]/relativeTimePattern[@count="one"]	uli-594_174	He left 1 minute ago	{0} minute ago	Il est parti il ​​y a une minute	il y a {0} minute	Modern	1		sentence	2_1
DateAndTime	Relative Time		past	m		two	1	//ldml/dates/fields/field[@type="minute"]/relativeTime[@type="past"]/relativeTimePattern[@count="two"]	uli-594_175	He left 2 minutes ago	{0} minutes ago	Il est parti il ​​y a 2 minutes		Modern	2		sentence	2_1
DateAndTime	Relative Time		past	m		other	1	//ldml/dates/fields/field[@type="minute"]/relativeTime[@type="past"]/relativeTimePattern[@count="other"]	uli-594_176	He left 5 minutes ago	{0} minutes ago	Il est parti il ​​y a 5 minutes	il y a {0} minutes	Modern	5		sentence	2_1
DateAndTime	Relative Time		past	M		one	1	//ldml/dates/fields/field[@type="month"]/relativeTime[@type="past"]/relativeTimePattern[@count="one"]	uli-594_186	He finished school 1 month ago	{0} month ago	Il a terminé ses études il y a un mois	il y a {0} mois	Modern	1		sentence	2_1
DateAndTime	Relative Time		past	M		two	1	//ldml/dates/fields/field[@type="month"]/relativeTime[@type="past"]/relativeTimePattern[@count="two"]	uli-594_187	He finished school 2 months ago	{0} months ago	Il a terminé ses études il y a 2 mois		Modern	2		sentence	2_1
DateAndTime	Relative Time		past	M		other	1	//ldml/dates/fields/field[@type="month"]/relativeTime[@type="past"]/relativeTimePattern[@count="other"]	uli-594_188	He finished school 5 months ago	{0} months ago	Il a terminé ses études il y a 5 mois	il y a {0} mois	Modern	5		sentence	2_1
DateAndTime	Relative Time		past	s		one	1	//ldml/dates/fields/field[@type="second"]/relativeTime[@type="past"]/relativeTimePattern[@count="one"]	uli-594_177	He left 1 second ago	{0} second ago	Il est parti il ​​y a une seconde	il y a {0} seconde	Modern	1		sentence	2_1
DateAndTime	Relative Time		past	s		two	1	//ldml/dates/fields/field[@type="second"]/relativeTime[@type="past"]/relativeTimePattern[@count="two"]	uli-594_178	He left 2 seconds ago	{0} seconds ago	Il est parti il ​​y a 2 secondes		Modern	2		sentence	2_1
DateAndTime	Relative Time		past	s		other	1	//ldml/dates/fields/field[@type="second"]/relativeTime[@type="past"]/relativeTimePattern[@count="other"]	uli-594_179	He left 5 seconds ago	{0} seconds ago	Il est parti il ​​y a 5 secondes	il y a {0} secondes	Modern	5		sentence	2_1
DateAndTime	Relative Time		past	w		one	1	//ldml/dates/fields/field[@type="week"]/relativeTime[@type="past"]/relativeTimePattern[@count="one"]	uli-594_183	He left 1 week ago	{0} week ago	Il est parti il ​​y a une semaine	il y a {0} semaine	Modern	1		sentence	2_1
DateAndTime	Relative Time		past	w		two	1	//ldml/dates/fields/field[@type="week"]/relativeTime[@type="past"]/relativeTimePattern[@count="two"]	uli-594_184	He left 2 weeks ago	{0} weeks ago	Il est parti il ​​y a 2 semaines		Modern	2		sentence	2_1
DateAndTime	Relative Time		past	w		other	1	//ldml/dates/fields/field[@type="week"]/relativeTime[@type="past"]/relativeTimePattern[@count="other"]	uli-594_185	He left 5 weeks ago	{0} weeks ago	Il est parti il ​​y a 5 semaines	il y a {0} semaines	Modern	5		sentence	2_1
DateAndTime	Relative Time		past	y		one	1	//ldml/dates/fields/field[@type="year"]/relativeTime[@type="past"]/relativeTimePattern[@count="one"]	uli-594_189	He finished school 1 year ago	{0} year ago	Il a terminé ses études il y a un an.	il y a {0} an	Modern	1		sentence	2_1
DateAndTime	Relative Time		past	y		two	1	//ldml/dates/fields/field[@type="year"]/relativeTime[@type="past"]/relativeTimePattern[@count="two"]	uli-594_190	He finished school 2 years ago	{0} years ago	Il a terminé ses études il y a 2 ans		Modern	2		sentence	2_1
DateAndTime	Relative Time		past	y		other	1	//ldml/dates/fields/field[@type="year"]/relativeTime[@type="past"]/relativeTimePattern[@count="other"]	uli-594_191	He finished school 5 years ago	{0} years ago	Il a terminé ses études il y a 5 ans	il y a {0} ans	Modern	5		sentence	2_1
DateAndTime	DateFields		q		w		0	//ldml/dates/fields/field[@type="quarter"]/displayName	dw-5_XXX	quarter	quarter	trimestre	trimestre	Moderate				1
DateAndTime	DateFields		q		s		0	//ldml/dates/fields/field[@type="quarter-short"]/displayName	dw-6_XXX	qtr.	qtr.	trim.	trim.	Moderate				1
DateAndTime	DateFields		q		n		0	//ldml/dates/fields/field[@type="quarter-narrow"]/displayName	dw-7_XXX	qtr	qtr	trim.	trim.	Moderate				1
DateAndTime	Quarters		q	1	w	s	0	//ldml/dates/calendars/calendar[@type="gregorian"]/quarters/quarterContext[@type="stand-alone"]/quarterWidth[@type="wide"]/quarter[@type="1"]	qt-1_XXX	1st quarter	1st quarter	1er trimestre	1er trimestre	Moderate				1
DateAndTime	Quarters		q	1	a	s	0	//ldml/dates/calendars/calendar[@type="gregorian"]/quarters/quarterContext[@type="stand-alone"]/quarterWidth[@type="abbreviated"]/quarter[@type="1"]	qt-5_XXX	Q1	Q1	T1	T1	Moderate				1
DateAndTime	Quarters		q	1	w	f	1	//ldml/dates/calendars/calendar[@type="gregorian"]/quarters/quarterContext[@type="format"]/quarterWidth[@type="wide"]/quarter[@type="1"]	qt2-1_XXX	1st quarter of 2025	1st quarter	1er trimestre en 2025	1er trimestre	Moderate				1
DateAndTime	Quarters		q	1	a	f	1	//ldml/dates/calendars/calendar[@type="gregorian"]/quarters/quarterContext[@type="format"]/quarterWidth[@type="abbreviated"]/quarter[@type="1"]	qt2-5_XXX	Q1 of 2025	Q1	T1 de 2025	T1	Moderate				1
DateAndTime	Quarters		q	2	w	s	0	//ldml/dates/calendars/calendar[@type="gregorian"]/quarters/quarterContext[@type="stand-alone"]/quarterWidth[@type="wide"]/quarter[@type="2"]	qt-2_XXX	2nd quarter	2nd quarter	2e trimestre	2e trimestre	Moderate				1
DateAndTime	Quarters		q	2	a	s	0	//ldml/dates/calendars/calendar[@type="gregorian"]/quarters/quarterContext[@type="stand-alone"]/quarterWidth[@type="abbreviated"]/quarter[@type="2"]	qt-6_XXX	Q2	Q2	T2	T2	Moderate				1
DateAndTime	Quarters		q	2	w	f	1	//ldml/dates/calendars/calendar[@type="gregorian"]/quarters/quarterContext[@type="format"]/quarterWidth[@type="wide"]/quarter[@type="2"]	qt2-2_XXX	2nd quarter of 2025	2nd quarter	2e trimestre en 2025	2e trimestre	Moderate				1
DateAndTime	Quarters		q	2	a	f	1	//ldml/dates/calendars/calendar[@type="gregorian"]/quarters/quarterContext[@type="format"]/quarterWidth[@type="abbreviated"]/quarter[@type="2"]	qt2-6_XXX	Q2 of 2025	Q2	T2 de 2025	T2	Moderate				1
DateAndTime	Quarters		q	3	w	s	0	//ldml/dates/calendars/calendar[@type="gregorian"]/quarters/quarterContext[@type="stand-alone"]/quarterWidth[@type="wide"]/quarter[@type="3"]	qt-3_XXX	3rd quarter	3rd quarter	3e trimestre	3e trimestre	Moderate				1
DateAndTime	Quarters		q	3	a	s	0	//ldml/dates/calendars/calendar[@type="gregorian"]/quarters/quarterContext[@type="stand-alone"]/quarterWidth[@type="abbreviated"]/quarter[@type="3"]	qt-7_XXX	Q3	Q3	T3	T3	Moderate				1
DateAndTime	Quarters		q	3	w	f	1	//ldml/dates/calendars/calendar[@type="gregorian"]/quarters/quarterContext[@type="format"]/quarterWidth[@type="wide"]/quarter[@type="3"]	qt2-3_XXX	3rd quarter of 2025	3rd quarter	3e trimestre en 2025	3e trimestre	Moderate				1
DateAndTime	Quarters		q	3	a	f	1	//ldml/dates/calendars/calendar[@type="gregorian"]/quarters/quarterContext[@type="format"]/quarterWidth[@type="abbreviated"]/quarter[@type="3"]	qt2-7_XXX	Q3 of 2025	Q3	T3 de 2025	T3	Moderate				1
DateAndTime	Quarters		q	4	w	s	0	//ldml/dates/calendars/calendar[@type="gregorian"]/quarters/quarterContext[@type="stand-alone"]/quarterWidth[@type="wide"]/quarter[@type="4"]	qt-4_XXX	4th quarter	4th quarter	4e trimestre	4e trimestre	Moderate				1
DateAndTime	Quarters		q	4	a	s	0	//ldml/dates/calendars/calendar[@type="gregorian"]/quarters/quarterContext[@type="stand-alone"]/quarterWidth[@type="abbreviated"]/quarter[@type="4"]	qt-8_XXX	Q4	Q4	T4	T4	Moderate				1
DateAndTime	Quarters		q	4	w	f	1	//ldml/dates/calendars/calendar[@type="gregorian"]/quarters/quarterContext[@type="format"]/quarterWidth[@type="wide"]/quarter[@type="4"]	qt2-4_XXX	4th quarter of 2025	4th quarter	4e trimestre en 2025	4e trimestre	Moderate				1
DateAndTime	Quarters		q	4	a	f	1	//ldml/dates/calendars/calendar[@type="gregorian"]/quarters/quarterContext[@type="format"]/quarterWidth[@type="abbreviated"]/quarter[@type="4"]	qt2-8_XXX	Q4 of 2025	Q4	T4 de 2025	T4	Moderate				1
DateAndTime	DateFields		s		w		0	//ldml/dates/fields/field[@type="second"]/displayName	dw-20_XXX	second	second	seconde	seconde	Moderate				1
DateAndTime	DateFields		s		s		0	//ldml/dates/fields/field[@type="second-short"]/displayName	dw-21_XXX	sec.	sec.	s	s	Moderate				1
DateAndTime	DateFields		s		n		0	//ldml/dates/fields/field[@type="second-narrow"]/displayName	dw-22_XXX	sec	sec	s	s	Moderate				1
DateAndTime	DateTimes		timeFormats		medium		1	//ldml/dates/calendars/calendar[@type="gregorian"]/timeFormats/timeFormatLength[@type="medium"]/timeFormat[@type="standard"]/pattern[@type="standard"]	dc-55_XXX	3:30:45 PM	h:mm:ss a	15:30:45	HH:mm:ss	Moderate	1713911445000		datetime	1
DateAndTime	DateTimes		timeFormats		long		1	//ldml/dates/calendars/calendar[@type="gregorian"]/timeFormats/timeFormatLength[@type="long"]/timeFormat[@type="standard"]/pattern[@type="standard"]	dc-56_XXX	3:30:45 PM GMT	h:mm:ss a z	15:30:45 UTC	HH:mm:ss z	Moderate	1713911445000		datetime	1
DateAndTime	DateTimes		timeFormats		full		1	//ldml/dates/calendars/calendar[@type="gregorian"]/timeFormats/timeFormatLength[@type="full"]/timeFormat[@type="standard"]/pattern[@type="standard"]	dc-57_XXX	3:30:45 PM Greenwich Mean Time	h:mm:ss a zzzz	15:30:45 heure moyenne de Greenwich	HH:mm:ss zzzz	Moderate	1713911445000		datetime	1
DateAndTime	DateFields		v		w		0	//ldml/dates/fields/field[@type="zone"]/displayName		time zone	time zone	fuseau horaire	fuseau horaire	Moderate				2_3
DateAndTime	DateFields		v		s		0	//ldml/dates/fields/field[@type="zone-short"]/displayName		zone	zone	fuseau horaire	fuseau horaire	Modern				5
DateAndTime	DateFields		v		n		0	//ldml/dates/fields/field[@type="zone-narrow"]/displayName		zone	zone	fuseau horaire	fuseau horaire	Modern				5
DateAndTime	DateFields		w		w		0	//ldml/dates/fields/field[@type="week"]/displayName	dw-11_XXX	week	week	semaine	semaine	Moderate				1
DateAndTime	DateFields		w		s		0	//ldml/dates/fields/field[@type="week-short"]/displayName	dw-12_XXX	wk.	wk.	sem.	sem.	Moderate				1
DateAndTime	DateFields		w		n		0	//ldml/dates/fields/field[@type="week-narrow"]/displayName	dw-13_XXX	wk	wk	sem.	sem.	Moderate				1
DateAndTime	RelativeTime		w	-1			0	//ldml/dates/fields/field[@type="week"]/relative[@type="-1"]	rt-2_XXX	last week	last week	la semaine dernière	la semaine dernière	Moderate				1
DateAndTime	RelativeTime		w	0			0	//ldml/dates/fields/field[@type="week"]/relative[@type="0"]	rt-6_XXX	this week	this week	cette semaine	cette semaine	Moderate				1
DateAndTime	RelativeTime		w	1			0	//ldml/dates/fields/field[@type="week"]/relative[@type="1"]	rt-11_XXX	next week	next week	la semaine prochaine	la semaine prochaine	Moderate				1
DateAndTime	DateFields		y		w		0	//ldml/dates/fields/field[@type="year"]/displayName	dw-2_XXX	year	year	année	année	Moderate				1
DateAndTime	DateFields		y		s		0	//ldml/dates/fields/field[@type="year-short"]/displayName	dw-3_XXX	yr	yr.	an	an	Moderate				1
DateAndTime	DateFields		y		n		0	//ldml/dates/fields/field[@type="year-narrow"]/displayName	dw-4_XXX	y	yr	a	a	Moderate				1
DateAndTime	RelativeTime		y	-1			0	//ldml/dates/fields/field[@type="year"]/relative[@type="-1"]	rt-4_XXX	last year	last year	l’année dernière	l’année dernière	Moderate				1
DateAndTime	RelativeTime		y	0			0	//ldml/dates/fields/field[@type="year"]/relative[@type="0"]	rt-8_XXX	this year	this year	cette année	cette année	Moderate				1
DateAndTime	RelativeTime		y	1			0	//ldml/dates/fields/field[@type="year"]/relative[@type="1"]	rt-12_XXX	next year	next year	l’année prochaine	l’année prochaine	Moderate				1
Translations	Emoji	Arrows	keyword	↔️			0	//ldml/annotations/annotation[@cp="↔️"][@type="tts"]	↔️	left-right arrow		flèche gauche droite		Modern				2_3
Translations	Emoji	Arrows	keyword	↕️			0	//ldml/annotations/annotation[@cp="↕️"][@type="tts"]	↕️	up-down arrow		flèche haut bas		Modern				2_3
Translations	Emoji	Arrows	keyword	↖️			0	//ldml/annotations/annotation[@cp="↖️"][@type="tts"]	↖️	up-left arrow		flèche haut gauche		Modern				2_3
Translations	Emoji	Arrows	keyword	↗️			0	//ldml/annotations/annotation[@cp="↗️"][@type="tts"]	↗️	up-right arrow		flèche haut droite		Modern				2_3
Translations	Emoji	Arrows	keyword	↘️			0	//ldml/annotations/annotation[@cp="↘️"][@type="tts"]	↘️	down-right arrow		flèche bas droite		Modern				2_3
Translations	Emoji	Arrows	keyword	↙️			0	//ldml/annotations/annotation[@cp="↙️"][@type="tts"]	↙️	down-left arrow		flèche bas gauche		Modern				2_3
Translations	Emoji	Arrows	keyword	↩️			0	//ldml/annotations/annotation[@cp="↩️"][@type="tts"]	↩️	right arrow curving left		flèche courbe gauche		Modern				2_3
Translations	Emoji	Arrows	keyword	↪️			0	//ldml/annotations/annotation[@cp="↪️"][@type="tts"]	↪️	left arrow curving right		flèche courbe droite		Modern				2_3
Translations	Emoji	Technology	keyword	⌚			0	//ldml/annotations/annotation[@cp="⌚"][@type="tts"]	⌚	watch		montre		Modern				2_3
Translations	Emoji	Technology	keyword	⌛			0	//ldml/annotations/annotation[@cp="⌛"][@type="tts"]	⌛	hourglass done		sablier		Modern				2_3
Translations	Emoji	Technology	keyword	⌨️			0	//ldml/annotations/annotation[@cp="⌨️"][@type="tts"]	⌨️	keyboard		clavier		Modern				2_3
Translations	Emoji	Arrows	keyword	⏩			0	//ldml/annotations/annotation[@cp="⏩"][@type="tts"]	⏩	fast-forward button		bouton avance rapide		Modern				2_3
Translations	Emoji	Arrows	keyword	⏪			0	//ldml/annotations/annotation[@cp="⏪"][@type="tts"]	⏪	fast reverse button		bouton retour rapide		Modern				2_3
Translations	Emoji	Arrows	keyword	⏫			0	//ldml/annotations/annotation[@cp="⏫"][@type="tts"]	⏫	fast up button		double flèche vers le haut		Modern				2_3
Translations	Emoji	Arrows	keyword	⏬			0	//ldml/annotations/annotation[@cp="⏬"][@type="tts"]	⏬	fast down button		double flèche vers le bas		Modern				2_3
Translations	Emoji	Technology	keyword	⏰			0	//ldml/annotations/annotation[@cp="⏰"][@type="tts"]	⏰	alarm clock		réveil		Modern				2_3
Translations	Emoji	Technology	keyword	⏱️			0	//ldml/annotations/annotation[@cp="⏱️"][@type="tts"]	⏱️	stopwatch		chronomètre		Modern				2_3
Translations	Emoji	Technology	keyword	⏲️			0	//ldml/annotations/annotation[@cp="⏲️"][@type="tts"]	⏲️	timer clock		horloge		Modern				2_3
Translations	Emoji	Technology	keyword	⏳			0	//ldml/annotations/annotation[@cp="⏳"][@type="tts"]	⏳	hourglass not done		sablier avec sable qui coule		Modern				2_3
Translations	Emoji	Weather	keyword	☀️			0	//ldml/annotations/annotation[@cp="☀️"][@type="tts"]	☀️	sun		soleil		Modern				2_3
Translations	Emoji	Weather	keyword	☁️			0	//ldml/annotations/annotation[@cp="☁️"][@type="tts"]	☁️	cloud		nuage		Modern				2_3
Translations	Emoji	Weather	keyword	☂️			0	//ldml/annotations/annotation[@cp="☂️"][@type="tts"]	☂️	umbrella		parapluie ouvert		Modern				2_3
Translations	Emoji	Weather	keyword	☄️			0	//ldml/annotations/annotation[@cp="☄️"][@type="tts"]	☄️	comet		comète		Modern				2_3
Translations	Emoji	Technology	keyword	☎️			0	//ldml/annotations/annotation[@cp="☎️"][@type="tts"]	☎️	telephone		téléphone		Modern				2_3
Translations	Emoji	Abstract	keyword	☑️			0	//ldml/annotations/annotation[@cp="☑️"][@type="tts"]	☑️	check box with check		case cochée		Modern				2_3
Translations	Emoji	Weather	keyword	☔			0	//ldml/annotations/annotation[@cp="☔"][@type="tts"]	☔	umbrella with rain drops		parapluie avec gouttes de pluie		Modern				2_3
Translations	Emoji	Food	keyword	☕			0	//ldml/annotations/annotation[@cp="☕"][@type="tts"]	☕	hot beverage		boisson chaude		Modern				2_3
Translations	Emoji	Plants	keyword	☘️			0	//ldml/annotations/annotation[@cp="☘️"][@type="tts"]	☘️	shamrock		trèfle		Modern				2_3
Translations	Emoji	Body	keyword	☝️			0	//ldml/annotations/annotation[@cp="☝️"][@type="tts"]	☝️	index pointing up		index pointant vers le haut		Modern				2_3
Translations	Emoji	Body	keyword	☠️			0	//ldml/annotations/annotation[@cp="☠️"][@type="tts"]	☠️	skull and crossbones		tête de mort		Modern				2_3
Translations	Emoji	Abstract	keyword	☢️			0	//ldml/annotations/annotation[@cp="☢️"][@type="tts"]	☢️	radioactive		radioactif		Modern				2_3
Translations	Emoji	Abstract	keyword	☣️			0	//ldml/annotations/annotation[@cp="☣️"][@type="tts"]	☣️	biohazard		danger biologique		Modern				2_3
Translations	Emoji	Abstract	keyword	☮️			0	//ldml/annotations/annotation[@cp="☮️"][@type="tts"]	☮️	peace symbol		symbole de paix		Modern				2_3
Translations	Emoji	Smileys	keyword	☹️			0	//ldml/annotations/annotation[@cp="☹️"][@type="tts"]	☹️	frowning face		visage mécontent		Modern				2_3
Translations	Emoji	Smileys	keyword	☺️			0	//ldml/annotations/annotation[@cp="☺️"][@type="tts"]	☺️	smiling face		visage souriant		Modern				2_3
Translations	Emoji	Abstract	keyword	♠️			0	//ldml/annotations/annotation[@cp="♠️"][@type="tts"]	♠️	spade suit		pique		Modern				2_3
Translations	Emoji	Abstract	keyword	♣️			0	//ldml/annotations/annotation[@cp="♣️"][@type="tts"]	♣️	club suit		trèfle cartes		Modern				2_3
Translations	Emoji	Abstract	keyword	♥️			0	//ldml/annotations/annotation[@cp="♥️"][@type="tts"]	♥️	heart suit		cœur cartes		Modern				2_3
Translations	Emoji	Abstract	keyword	♦️			0	//ldml/annotations/annotation[@cp="♦️"][@type="tts"]	♦️	diamond suit		carreau		Modern				2_3
Translations	Emoji	Recreation	keyword	♿			0	//ldml/annotations/annotation[@cp="♿"][@type="tts"]	♿	wheelchair symbol		symbole Accès handicapés		Modern				2_3
Translations	Emoji	Technology	keyword	⚖️			0	//ldml/annotations/annotation[@cp="⚖️"][@type="tts"]	⚖️	balance scale		balance à poids		Modern				2_3
Translations	Emoji	Technology	keyword	⚙️			0	//ldml/annotations/annotation[@cp="⚙️"][@type="tts"]	⚙️	gear		roue dentée		Modern				2_3
Translations	Emoji	Abstract	keyword	⚠️			0	//ldml/annotations/annotation[@cp="⚠️"][@type="tts"]	⚠️	warning		symbole d’avertissement		Modern				2_3
Translations	Emoji	Abstract	keyword	⚡			0	//ldml/annotations/annotation[@cp="⚡"][@type="tts"]	⚡	high voltage		haute tension		Modern				2_3
Translations	Emoji	Abstract	keyword	⚪			0	//ldml/annotations/annotation[@cp="⚪"][@type="tts"]	⚪	white circle		disque blanc		Modern				2_3
Translations	Emoji	Abstract	keyword	⚫			0	//ldml/annotations/annotation[@cp="⚫"][@type="tts"]	⚫	black circle		disque noir		Modern				2_3
Translations	Emoji	Technology	keyword	⚰️			0	//ldml/annotations/annotation[@cp="⚰️"][@type="tts"]	⚰️	coffin		cercueil		Modern				2_3
Translations	Emoji	Recreation	keyword	⚽			0	//ldml/annotations/annotation[@cp="⚽"][@type="tts"]	⚽	soccer ball		ballon de football		Modern				2_3
Translations	Emoji	Recreation	keyword	⚾			0	//ldml/annotations/annotation[@cp="⚾"][@type="tts"]	⚾	baseball		baseball		Modern				2_3
Translations	Emoji	Weather	keyword	⛅			0	//ldml/annotations/annotation[@cp="⛅"][@type="tts"]	⛅	sun behind cloud		soleil derrière les nuages		Modern				2_3
Translations	Emoji	Weather	keyword	⛈️			0	//ldml/annotations/annotation[@cp="⛈️"][@type="tts"]	⛈️	cloud with lightning and rain		nuage avec éclair et pluie		Modern				2_3
Translations	Emoji	Technology	keyword	⛏️			0	//ldml/annotations/annotation[@cp="⛏️"][@type="tts"]	⛏️	pick		pioche		Modern				2_3
Translations	Emoji	Technology	keyword	⛓️			0	//ldml/annotations/annotation[@cp="⛓️"][@type="tts"]	⛓️	chains		chaînes		Modern				2_3
Translations	Emoji	Abstract	keyword	⛔			0	//ldml/annotations/annotation[@cp="⛔"][@type="tts"]	⛔	no entry		sens interdit		Modern				2_3
Translations	Emoji	Technology	keyword	⛪			0	//ldml/annotations/annotation[@cp="⛪"][@type="tts"]	⛪	church		église		Modern				2_3
Translations	Emoji	Recreation	keyword	⛰️			0	//ldml/annotations/annotation[@cp="⛰️"][@type="tts"]	⛰️	mountain		montagne		Modern				2_3
Translations	Emoji	Recreation	keyword	⛱️			0	//ldml/annotations/annotation[@cp="⛱️"][@type="tts"]	⛱️	umbrella on ground		parasol sur le sol		Modern				2_3
Translations	Emoji	Recreation	keyword	⛲			0	//ldml/annotations/annotation[@cp="⛲"][@type="tts"]	⛲	fountain		fontaine		Modern				2_3
Translations	Emoji	Recreation	keyword	⛴️			0	//ldml/annotations/annotation[@cp="⛴️"][@type="tts"]	⛴️	ferry		ferry		Modern				2_3
Translations	Emoji	Recreation	keyword	⛵			0	//ldml/annotations/annotation[@cp="⛵"][@type="tts"]	⛵	sailboat		voilier		Modern				2_3
Translations	Emoji	Recreation	keyword	⛹️			0	//ldml/annotations/annotation[@cp="⛹️"][@type="tts"]	⛹️	person bouncing ball		personne avec ballon		Modern				2_3
Translations	Emoji	Technology	keyword	⛺			0	//ldml/annotations/annotation[@cp="⛺"][@type="tts"]	⛺	tent		tente		Modern				2_3
Translations	Emoji	Technology	keyword	⛽			0	//ldml/annotations/annotation[@cp="⛽"][@type="tts"]	⛽	fuel pump		pompe à essence		Modern				2_3
Translations	Emoji	Technology	keyword	✂️			0	//ldml/annotations/annotation[@cp="✂️"][@type="tts"]	✂️	scissors		ciseaux		Modern				2_3
Translations	Emoji	Abstract	keyword	✅			0	//ldml/annotations/annotation[@cp="✅"][@type="tts"]	✅	check mark button		bouton coché		Modern				2_3
Translations	Emoji	Technology	keyword	✈️			0	//ldml/annotations/annotation[@cp="✈️"][@type="tts"]	✈️	airplane		avion		Modern				2_3
Translations	Emoji	Technology	keyword	✉️			0	//ldml/annotations/annotation[@cp="✉️"][@type="tts"]	✉️	envelope		enveloppe		Modern				2_3
Translations	Emoji	Body	keyword	✊			0	//ldml/annotations/annotation[@cp="✊"][@type="tts"]	✊	raised fist		poing levé		Modern				2_3
Translations	Emoji	Body	keyword	✋			0	//ldml/annotations/annotation[@cp="✋"][@type="tts"]	✋	raised hand		main levée		Modern				2_3
Translations	Emoji	Body	keyword	✍️			0	//ldml/annotations/annotation[@cp="✍️"][@type="tts"]	✍️	writing hand		main qui écrit		Modern				2_3
Translations	Emoji	Technology	keyword	✏️			0	//ldml/annotations/annotation[@cp="✏️"][@type="tts"]	✏️	pencil		crayon		Modern				2_3
Translations	Emoji	Abstract	keyword	✔️			0	//ldml/annotations/annotation[@cp="✔️"][@type="tts"]	✔️	check mark		coche		Modern				2_3
Translations	Emoji	Weather	keyword	✨			0	//ldml/annotations/annotation[@cp="✨"][@type="tts"]	✨	sparkles		étincelles		Modern				2_3
Translations	Emoji	Weather	keyword	❄️			0	//ldml/annotations/annotation[@cp="❄️"][@type="tts"]	❄️	snowflake		flocon		Modern				2_3
Translations	Emoji	Abstract	keyword	❌			0	//ldml/annotations/annotation[@cp="❌"][@type="tts"]	❌	cross mark		croix		Modern				2_3
Translations	Emoji	Abstract	keyword	❎			0	//ldml/annotations/annotation[@cp="❎"][@type="tts"]	❎	cross mark button		bouton croix		Modern				2_3
Translations	Emoji	Abstract	keyword	❓			0	//ldml/annotations/annotation[@cp="❓"][@type="tts"]	❓	red question mark		point d’interrogation rouge		Modern				2_3
Translations	Emoji	Abstract	keyword	❔			0	//ldml/annotations/annotation[@cp="❔"][@type="tts"]	❔	white question mark		point d’interrogation blanc		Modern				2_3
Translations	Emoji	Abstract	keyword	❕			0	//ldml/annotations/annotation[@cp="❕"][@type="tts"]	❕	white exclamation mark		point d’exclamation blanc		Modern				2_3
Translations	Emoji	Abstract	keyword	❗			0	//ldml/annotations/annotation[@cp="❗"][@type="tts"]	❗	red exclamation mark		point d’exclamation rouge		Modern				2_3
Translations	Emoji	Abstract	keyword	❤️			0	//ldml/annotations/annotation[@cp="❤️"][@type="tts"]	❤️	red heart		cœur rouge		Modern				2_3
Translations	Emoji	Arrows	keyword	➡️			0	//ldml/annotations/annotation[@cp="➡️"][@type="tts"]	➡️	right arrow		flèche droite		Modern				2_3
Translations	Emoji	Arrows	keyword	⤴️			0	//ldml/annotations/annotation[@cp="⤴️"][@type="tts"]	⤴️	right arrow curving up		flèche courbe haut		Modern				2_3
Translations	Emoji	Arrows	keyword	⤵️			0	//ldml/annotations/annotation[@cp="⤵️"][@type="tts"]	⤵️	right arrow curving down		flèche courbe bas		Modern				2_3
Translations	Emoji	Arrows	keyword	⬅️			0	//ldml/annotations/annotation[@cp="⬅️"][@type="tts"]	⬅️	left arrow		flèche gauche		Modern				2_3
Translations	Emoji	Arrows	keyword	⬆️			0	//ldml/annotations/annotation[@cp="⬆️"][@type="tts"]	⬆️	up arrow		flèche haut		Modern				2_3
Translations	Emoji	Arrows	keyword	⬇️			0	//ldml/annotations/annotation[@cp="⬇️"][@type="tts"]	⬇️	down arrow		flèche bas		Modern				2_3
Translations	Emoji	Abstract	keyword	⬛			0	//ldml/annotations/annotation[@cp="⬛"][@type="tts"]	⬛	black large square		grand carré noir		Modern				2_3
Translations	Emoji	Abstract	keyword	⬜			0	//ldml/annotations/annotation[@cp="⬜"][@type="tts"]	⬜	white large square		grand carré blanc		Modern				2_3
Translations	Emoji	Abstract	keyword	⭐			0	//ldml/annotations/annotation[@cp="⭐"][@type="tts"]	⭐	star		étoile		Modern				2_3
Translations	Emoji	Abstract	keyword	⭕			0	//ldml/annotations/annotation[@cp="⭕"][@type="tts"]	⭕	hollow red circle		cercle rouge		Modern				2_3
Translations	Emoji	Abstract	keyword	🌀			0	//ldml/annotations/annotation[@cp="🌀"][@type="tts"]	🌀	cyclone		cyclone		Modern				2_3
Translations	Emoji	Weather	keyword	🌁			0	//ldml/annotations/annotation[@cp="🌁"][@type="tts"]	🌁	foggy		brume		Modern				2_3
Translations	Emoji	Weather	keyword	🌂			0	//ldml/annotations/annotation[@cp="🌂"][@type="tts"]	🌂	closed umbrella		parapluie fermé		Modern				2_3
Translations	Emoji	Weather	keyword	🌃			0	//ldml/annotations/annotation[@cp="🌃"][@type="tts"]	🌃	night with stars		nuit étoilée		Modern				2_3
Translations	Emoji	Weather	keyword	🌄			0	//ldml/annotations/annotation[@cp="🌄"][@type="tts"]	🌄	sunrise over mountains		soleil levant derrière les montagnes		Modern				2_3
Translations	Emoji	Weather	keyword	🌅			0	//ldml/annotations/annotation[@cp="🌅"][@type="tts"]	🌅	sunrise		soleil levant		Modern				2_3
Translations	Emoji	Weather	keyword	🌇			0	//ldml/annotations/annotation[@cp="🌇"][@type="tts"]	🌇	sunset		coucher de soleil		Modern				2_3
Translations	Emoji	Weather	keyword	🌈			0	//ldml/annotations/annotation[@cp="🌈"][@type="tts"]	🌈	rainbow		arc-en-ciel		Modern				2_3
Translations	Emoji	Weather	keyword	🌊			0	//ldml/annotations/annotation[@cp="🌊"][@type="tts"]	🌊	water wave		vague		Modern				2_3
Translations	Emoji	Weather	keyword	🌋			0	//ldml/annotations/annotation[@cp="🌋"][@type="tts"]	🌋	volcano		volcan		Modern				2_3
Translations	Emoji	Weather	keyword	🌍			0	//ldml/annotations/annotation[@cp="🌍"][@type="tts"]	🌍	globe showing Europe-Africa		globe tourné sur l’Afrique et l’Europe		Modern				2_3
Translations	Emoji	Weather	keyword	🌎			0	//ldml/annotations/annotation[@cp="🌎"][@type="tts"]	🌎	globe showing Americas		globe tourné sur les Amériques		Modern				2_3
Translations	Emoji	Weather	keyword	🌏			0	//ldml/annotations/annotation[@cp="🌏"][@type="tts"]	🌏	globe showing Asia-Australia		globe tourné sur l’Asie et l’Australie		Modern				2_3
Translations	Emoji	Weather	keyword	🌑			0	//ldml/annotations/annotation[@cp="🌑"][@type="tts"]	🌑	new moon		nouvelle lune		Modern				2_3
Translations	Emoji	Weather	keyword	🌒			0	//ldml/annotations/annotation[@cp="🌒"][@type="tts"]	🌒	waxing crescent moon		lune croissante		Modern				2_3
Translations	Emoji	Weather	keyword	🌓			0	//ldml/annotations/annotation[@cp="🌓"][@type="tts"]	🌓	first quarter moon		premier quartier de lune		Modern				2_3
Translations	Emoji	Weather	keyword	🌔			0	//ldml/annotations/annotation[@cp="🌔"][@type="tts"]	🌔	waxing gibbous moon		lune gibbeuse croissante		Modern				2_3
Translations	Emoji	Weather	keyword	🌕			0	//ldml/annotations/annotation[@cp="🌕"][@type="tts"]	🌕	full moon		pleine lune		Modern				2_3
Translations	Emoji	Weather	keyword	🌖			0	//ldml/annotations/annotation[@cp="🌖"][@type="tts"]	🌖	waning gibbous moon		lune gibbeuse décroissante		Modern				2_3
Translations	Emoji	Weather	keyword	🌗			0	//ldml/annotations/annotation[@cp="🌗"][@type="tts"]	🌗	last quarter moon		dernier quartier de lune		Modern				2_3
Translations	Emoji	Weather	keyword	🌘			0	//ldml/annotations/annotation[@cp="🌘"][@type="tts"]	🌘	waning crescent moon		lune décroissante		Modern				2_3
Translations	Emoji	Weather	keyword	🌙			0	//ldml/annotations/annotation[@cp="🌙"][@type="tts"]	🌙	crescent moon		croissant de lune		Modern				2_3
Translations	Emoji	Weather	keyword	🌚			0	//ldml/annotations/annotation[@cp="🌚"][@type="tts"]	🌚	new moon face		nouvelle lune avec visage		Modern				2_3
Translations	Emoji	Weather	keyword	🌛			0	//ldml/annotations/annotation[@cp="🌛"][@type="tts"]	🌛	first quarter moon face		premier quartier de lune avec visage		Modern				2_3
Translations	Emoji	Weather	keyword	🌜			0	//ldml/annotations/annotation[@cp="🌜"][@type="tts"]	🌜	last quarter moon face		dernier quartier de lune avec visage		Modern				2_3
Translations	Emoji	Weather	keyword	🌝			0	//ldml/annotations/annotation[@cp="🌝"][@type="tts"]	🌝	full moon face		pleine lune avec visage		Modern				2_3
Translations	Emoji	Weather	keyword	🌞			0	//ldml/annotations/annotation[@cp="🌞"][@type="tts"]	🌞	sun with face		soleil avec visage		Modern				2_3
Translations	Emoji	Weather	keyword	🌟			0	//ldml/annotations/annotation[@cp="🌟"][@type="tts"]	🌟	glowing star		étoile brillante		Modern				2_3
Translations	Emoji	Weather	keyword	🌠			0	//ldml/annotations/annotation[@cp="🌠"][@type="tts"]	🌠	shooting star		étoile filante		Modern				2_3
Translations	Emoji	Weather	keyword	🌡️			0	//ldml/annotations/annotation[@cp="🌡️"][@type="tts"]	🌡️	thermometer		thermomètre		Modern				2_3
Translations	Emoji	Weather	keyword	🌤️			0	//ldml/annotations/annotation[@cp="🌤️"][@type="tts"]	🌤️	sun behind small cloud		soleil derrière un petit nuage		Modern				2_3
Translations	Emoji	Weather	keyword	🌥️			0	//ldml/annotations/annotation[@cp="🌥️"][@type="tts"]	🌥️	sun behind large cloud		soleil derrière un gros nuage		Modern				2_3
Translations	Emoji	Weather	keyword	🌦️			0	//ldml/annotations/annotation[@cp="🌦️"][@type="tts"]	🌦️	sun behind rain cloud		soleil derrière un nuage de pluie		Modern				2_3
Translations	Emoji	Weather	keyword	🌧️			0	//ldml/annotations/annotation[@cp="🌧️"][@type="tts"]	🌧️	cloud with rain		nuage avec pluie		Modern				2_3
Translations	Emoji	Weather	keyword	🌨️			0	//ldml/annotations/annotation[@cp="🌨️"][@type="tts"]	🌨️	cloud with snow		nuage avec neige		Modern				2_3
Translations	Emoji	Weather	keyword	🌩️			0	//ldml/annotations/annotation[@cp="🌩️"][@type="tts"]	🌩️	cloud with lightning		nuage avec éclair		Modern				2_3
Translations	Emoji	Weather	keyword	🌪️			0	//ldml/annotations/annotation[@cp="🌪️"][@type="tts"]	🌪️	tornado		tornade		Modern				2_3
Translations	Emoji	Weather	keyword	🌫️			0	//ldml/annotations/annotation[@cp="🌫️"][@type="tts"]	🌫️	fog		brouillard		Modern				2_3
Translations	Emoji	Food	keyword	🌭			0	//ldml/annotations/annotation[@cp="🌭"][@type="tts"]	🌭	hot dog		hot dog		Modern				2_3
Translations	Emoji	Food	keyword	🌯			0	//ldml/annotations/annotation[@cp="🌯"][@type="tts"]	🌯	burrito		burrito		Modern				2_3
Translations	Emoji	Plants	keyword	🌱			0	//ldml/annotations/annotation[@cp="🌱"][@type="tts"]	🌱	seedling		jeune pousse		Modern				2_3
Translations	Emoji	Plants	keyword	🌲			0	//ldml/annotations/annotation[@cp="🌲"][@type="tts"]	🌲	evergreen tree		conifère		Modern				2_3
Translations	Emoji	Plants	keyword	🌳			0	//ldml/annotations/annotation[@cp="🌳"][@type="tts"]	🌳	deciduous tree		arbre à feuilles caduques		Modern				2_3
Translations	Emoji	Plants	keyword	🌴			0	//ldml/annotations/annotation[@cp="🌴"][@type="tts"]	🌴	palm tree		palmier		Modern				2_3
Translations	Emoji	Plants	keyword	🌵			0	//ldml/annotations/annotation[@cp="🌵"][@type="tts"]	🌵	cactus		cactus		Modern				2_3
Translations	Emoji	Plants	keyword	🌶️			0	//ldml/annotations/annotation[@cp="🌶️"][@type="tts"]	🌶️	hot pepper		piment rouge		Modern				2_3
Translations	Emoji	Plants	keyword	🌷			0	//ldml/annotations/annotation[@cp="🌷"][@type="tts"]	🌷	tulip		tulipe		Modern				2_3
Translations	Emoji	Plants	keyword	🌸			0	//ldml/annotations/annotation[@cp="🌸"][@type="tts"]	🌸	cherry blossom		fleur de cerisier		Modern				2_3
Translations	Emoji	Plants	keyword	🌹			0	//ldml/annotations/annotation[@cp="🌹"][@type="tts"]	🌹	rose		rose		Modern				2_3
Translations	Emoji	Plants	keyword	🌻			0	//ldml/annotations/annotation[@cp="🌻"][@type="tts"]	🌻	sunflower		tournesol		Modern				2_3
Translations	Emoji	Plants	keyword	🌼			0	//ldml/annotations/annotation[@cp="🌼"][@type="tts"]	🌼	blossom		bourgeon		Modern				2_3
Translations	Emoji	Plants	keyword	🌽			0	//ldml/annotations/annotation[@cp="🌽"][@type="tts"]	🌽	ear of corn		épi de maïs		Modern				2_3
Translations	Emoji	Plants	keyword	🌾			0	//ldml/annotations/annotation[@cp="🌾"][@type="tts"]	🌾	sheaf of rice		plant de riz		Modern				2_3
Translations	Emoji	Plants	keyword	🍀			0	//ldml/annotations/annotation[@cp="🍀"][@type="tts"]	🍀	four leaf clover		trèfle à quatre feuilles		Modern				2_3
Translations	Emoji	Plants	keyword	🍂			0	//ldml/annotations/annotation[@cp="🍂"][@type="tts"]	🍂	fallen leaf		feuille morte		Modern				2_3
Translations	Emoji	Plants	keyword	🍃			0	//ldml/annotations/annotation[@cp="🍃"][@type="tts"]	🍃	leaf fluttering in wind		feuille virevoltante		Modern				2_3
Translations	Emoji	Food	keyword	🍄			0	//ldml/annotations/annotation[@cp="🍄"][@type="tts"]	🍄	mushroom		champignon		Modern				2_3
Translations	Emoji	Food	keyword	🍅			0	//ldml/annotations/annotation[@cp="🍅"][@type="tts"]	🍅	tomato		tomate		Modern				2_3
Translations	Emoji	Food	keyword	🍆			0	//ldml/annotations/annotation[@cp="🍆"][@type="tts"]	🍆	eggplant		aubergine		Modern				2_3
Translations	Emoji	Food	keyword	🍇			0	//ldml/annotations/annotation[@cp="🍇"][@type="tts"]	🍇	grapes		raisin		Modern				2_3
Translations	Emoji	Food	keyword	🍈			0	//ldml/annotations/annotation[@cp="🍈"][@type="tts"]	🍈	melon		melon		Modern				2_3
Translations	Emoji	Food	keyword	🍉			0	//ldml/annotations/annotation[@cp="🍉"][@type="tts"]	🍉	watermelon		pastèque		Modern				2_3
Translations	Emoji	Food	keyword	🍊			0	//ldml/annotations/annotation[@cp="🍊"][@type="tts"]	🍊	tangerine		mandarine		Modern				2_3
Translations	Emoji	Food	keyword	🍋			0	//ldml/annotations/annotation[@cp="🍋"][@type="tts"]	🍋	lemon		citron		Modern				2_3
Translations	Emoji	Food	keyword	🍌			0	//ldml/annotations/annotation[@cp="🍌"][@type="tts"]	🍌	banana		banane		Modern				2_3
Translations	Emoji	Food	keyword	🍍			0	//ldml/annotations/annotation[@cp="🍍"][@type="tts"]	🍍	pineapple		ananas		Modern				2_3
Translations	Emoji	Food	keyword	🍎			0	//ldml/annotations/annotation[@cp="🍎"][@type="tts"]	🍎	red apple		pomme rouge		Modern				2_3
Translations	Emoji	Food	keyword	🍏			0	//ldml/annotations/annotation[@cp="🍏"][@type="tts"]	🍏	green apple		pomme verte		Modern				2_3
Translations	Emoji	Food	keyword	🍐			0	//ldml/annotations/annotation[@cp="🍐"][@type="tts"]	🍐	pear		poire		Modern				2_3
Translations	Emoji	Food	keyword	🍑			0	//ldml/annotations/annotation[@cp="🍑"][@type="tts"]	🍑	peach		pêche		Modern				2_3
Translations	Emoji	Food	keyword	🍒			0	//ldml/annotations/annotation[@cp="🍒"][@type="tts"]	🍒	cherries		cerises		Modern				2_3
Translations	Emoji	Food	keyword	🍓			0	//ldml/annotations/annotation[@cp="🍓"][@type="tts"]	🍓	strawberry		fraise		Modern				2_3
Translations	Emoji	Food	keyword	🍕			0	//ldml/annotations/annotation[@cp="🍕"][@type="tts"]	🍕	pizza		pizza		Modern				2_3
Translations	Emoji	Food	keyword	🍖			0	//ldml/annotations/annotation[@cp="🍖"][@type="tts"]	🍖	meat on bone		viande sur un os		Modern				2_3
Translations	Emoji	Food	keyword	🍗			0	//ldml/annotations/annotation[@cp="🍗"][@type="tts"]	🍗	poultry leg		cuisse de poulet		Modern				2_3
Translations	Emoji	Food	keyword	🍚			0	//ldml/annotations/annotation[@cp="🍚"][@type="tts"]	🍚	cooked rice		bol de riz		Modern				2_3
Translations	Emoji	Food	keyword	🍞			0	//ldml/annotations/annotation[@cp="🍞"][@type="tts"]	🍞	bread		pain		Modern				2_3
Translations	Emoji	Food	keyword	🍨			0	//ldml/annotations/annotation[@cp="🍨"][@type="tts"]	🍨	ice cream		glace		Modern				2_3
Translations	Emoji	Food	keyword	🍪			0	//ldml/annotations/annotation[@cp="🍪"][@type="tts"]	🍪	cookie		cookie		Modern				2_3
Translations	Emoji	Food	keyword	🍫			0	//ldml/annotations/annotation[@cp="🍫"][@type="tts"]	🍫	chocolate bar		barre chocolatée		Modern				2_3
Translations	Emoji	Food	keyword	🍬			0	//ldml/annotations/annotation[@cp="🍬"][@type="tts"]	🍬	candy		bonbon		Modern				2_3
Translations	Emoji	Food	keyword	🍴			0	//ldml/annotations/annotation[@cp="🍴"][@type="tts"]	🍴	fork and knife		fourchette et couteau		Modern				2_3
Translations	Emoji	Recreation	keyword	🎁			0	//ldml/annotations/annotation[@cp="🎁"][@type="tts"]	🎁	wrapped gift		cadeau		Modern				2_3
Translations	Emoji	Recreation	keyword	🎂			0	//ldml/annotations/annotation[@cp="🎂"][@type="tts"]	🎂	birthday cake		gâteau d’anniversaire		Modern				2_3
Translations	Emoji	Recreation	keyword	🎈			0	//ldml/annotations/annotation[@cp="🎈"][@type="tts"]	🎈	balloon		ballon gonflable		Modern				2_3
Translations	Emoji	Recreation	keyword	🎉			0	//ldml/annotations/annotation[@cp="🎉"][@type="tts"]	🎉	party popper		cotillons		Modern				2_3
Translations	Emoji	Recreation	keyword	🎒			0	//ldml/annotations/annotation[@cp="🎒"][@type="tts"]	🎒	backpack		cartable		Modern				2_3
Translations	Emoji	Recreation	keyword	🎣			0	//ldml/annotations/annotation[@cp="🎣"][@type="tts"]	🎣	fishing pole		pêche à la ligne		Modern				2_3
Translations	Emoji	Recreation	keyword	🎤			0	//ldml/annotations/annotation[@cp="🎤"][@type="tts"]	🎤	microphone		micro		Modern				2_3
Translations	Emoji	Recreation	keyword	🎥			0	//ldml/annotations/annotation[@cp="🎥"][@type="tts"]	🎥	movie camera		caméra		Modern				2_3
Translations	Emoji	Recreation	keyword	🎧			0	//ldml/annotations/annotation[@cp="🎧"][@type="tts"]	🎧	headphone		casque		Modern				2_3
Translations	Emoji	Recreation	keyword	🎲			0	//ldml/annotations/annotation[@cp="🎲"][@type="tts"]	🎲	game die		dés		Modern				2_3
Translations	Emoji	Recreation	keyword	🎵			0	//ldml/annotations/annotation[@cp="🎵"][@type="tts"]	🎵	musical note		note de musique		Modern				2_3
Translations	Emoji	Recreation	keyword	🎷			0	//ldml/annotations/annotation[@cp="🎷"][@type="tts"]	🎷	saxophone		saxophone		Modern				2_3
Translations	Emoji	Recreation	keyword	🎸			0	//ldml/annotations/annotation[@cp="🎸"][@type="tts"]	🎸	guitar		guitare		Modern				2_3
Translations	Emoji	Recreation	keyword	🎹			0	//ldml/annotations/annotation[@cp="🎹"][@type="tts"]	🎹	musical keyboard		piano		Modern				2_3
Translations	Emoji	Recreation	keyword	🎺			0	//ldml/annotations/annotation[@cp="🎺"][@type="tts"]	🎺	trumpet		trompette		Modern				2_3
Translations	Emoji	Recreation	keyword	🎻			0	//ldml/annotations/annotation[@cp="🎻"][@type="tts"]	🎻	violin		violon		Modern				2_3
Translations	Emoji	Recreation	keyword	🎾			0	//ldml/annotations/annotation[@cp="🎾"][@type="tts"]	🎾	tennis		tennis		Modern				2_3
Translations	Emoji	Recreation	keyword	🏀			0	//ldml/annotations/annotation[@cp="🏀"][@type="tts"]	🏀	basketball		basket		Modern				2_3
Translations	Emoji	Recreation	keyword	🏃			0	//ldml/annotations/annotation[@cp="🏃"][@type="tts"]	🏃	person running		personne qui court		Modern				2_3
Translations	Emoji	Recreation	keyword	🏅			0	//ldml/annotations/annotation[@cp="🏅"][@type="tts"]	🏅	sports medal		médaille sportive		Modern				2_3
Translations	Emoji	Recreation	keyword	🏆			0	//ldml/annotations/annotation[@cp="🏆"][@type="tts"]	🏆	trophy		trophée		Modern				2_3
Translations	Emoji	Recreation	keyword	🏍️			0	//ldml/annotations/annotation[@cp="🏍️"][@type="tts"]	🏍️	motorcycle		moto		Modern				2_3
Translations	Emoji	Recreation	keyword	🏎️			0	//ldml/annotations/annotation[@cp="🏎️"][@type="tts"]	🏎️	racing car		voiture de course		Modern				2_3
Translations	Emoji	Recreation	keyword	🏖️			0	//ldml/annotations/annotation[@cp="🏖️"][@type="tts"]	🏖️	beach with umbrella		plage avec parasol		Modern				2_3
Translations	Emoji	Recreation	keyword	🏝️			0	//ldml/annotations/annotation[@cp="🏝️"][@type="tts"]	🏝️	desert island		île déserte		Modern				2_3
Translations	Emoji	Technology	keyword	🏠			0	//ldml/annotations/annotation[@cp="🏠"][@type="tts"]	🏠	house		maison		Modern				2_3
Translations	Emoji	Animals	keyword	🐀			0	//ldml/annotations/annotation[@cp="🐀"][@type="tts"]	🐀	rat		rat		Modern				2_3
Translations	Emoji	Animals	keyword	🐁			0	//ldml/annotations/annotation[@cp="🐁"][@type="tts"]	🐁	mouse		souris		Modern				2_3
Translations	Emoji	Animals	keyword	🐂			0	//ldml/annotations/annotation[@cp="🐂"][@type="tts"]	🐂	ox		bœuf		Modern				2_3
Translations	Emoji	Animals	keyword	🐃			0	//ldml/annotations/annotation[@cp="🐃"][@type="tts"]	🐃	water buffalo		buffle		Modern				2_3
Translations	Emoji	Animals	keyword	🐄			0	//ldml/annotations/annotation[@cp="🐄"][@type="tts"]	🐄	cow		vache		Modern				2_3
Translations	Emoji	Animals	keyword	🐅			0	//ldml/annotations/annotation[@cp="🐅"][@type="tts"]	🐅	tiger		tigre		Modern				2_3
Translations	Emoji	Animals	keyword	🐆			0	//ldml/annotations/annotation[@cp="🐆"][@type="tts"]	🐆	leopard		léopard		Modern				2_3
Translations	Emoji	Animals	keyword	🐇			0	//ldml/annotations/annotation[@cp="🐇"][@type="tts"]	🐇	rabbit		lapin		Modern				2_3
Translations	Emoji	Animals	keyword	🐈			0	//ldml/annotations/annotation[@cp="🐈"][@type="tts"]	🐈	cat		chat		Modern				2_3
Translations	Emoji	Animals	keyword	🐉			0	//ldml/annotations/annotation[@cp="🐉"][@type="tts"]	🐉	dragon		dragon		Modern				2_3
Translations	Emoji	Animals	keyword	🐊			0	//ldml/annotations/annotation[@cp="🐊"][@type="tts"]	🐊	crocodile		crocodile		Modern				2_3
Translations	Emoji	Animals	keyword	🐋			0	//ldml/annotations/annotation[@cp="🐋"][@type="tts"]	🐋	whale		baleine		Modern				2_3
Translations	Emoji	Animals	keyword	🐌			0	//ldml/annotations/annotation[@cp="🐌"][@type="tts"]	🐌	snail		escargot		Modern				2_3
Translations	Emoji	Animals	keyword	🐍			0	//ldml/annotations/annotation[@cp="🐍"][@type="tts"]	🐍	snake		serpent		Modern				2_3
Translations	Emoji	Animals	keyword	🐎			0	//ldml/annotations/annotation[@cp="🐎"][@type="tts"]	🐎	horse		cheval		Modern				2_3
Translations	Emoji	Animals	keyword	🐏			0	//ldml/annotations/annotation[@cp="🐏"][@type="tts"]	🐏	ram		bélier		Modern				2_3
Translations	Emoji	Animals	keyword	🐐			0	//ldml/annotations/annotation[@cp="🐐"][@type="tts"]	🐐	goat		chèvre		Modern				2_3
Translations	Emoji	Animals	keyword	🐑			0	//ldml/annotations/annotation[@cp="🐑"][@type="tts"]	🐑	ewe		mouton		Modern				2_3
Translations	Emoji	Animals	keyword	🐒			0	//ldml/annotations/annotation[@cp="🐒"][@type="tts"]	🐒	monkey		singe		Modern				2_3
Translations	Emoji	Animals	keyword	🐓			0	//ldml/annotations/annotation[@cp="🐓"][@type="tts"]	🐓	rooster		coq		Modern				2_3
Translations	Emoji	Animals	keyword	🐔			0	//ldml/annotations/annotation[@cp="🐔"][@type="tts"]	🐔	chicken		poule		Modern				2_3
Translations	Emoji	Animals	keyword	🐕			0	//ldml/annotations/annotation[@cp="🐕"][@type="tts"]	🐕	dog		chien		Modern				2_3
Translations	Emoji	Animals	keyword	🐖			0	//ldml/annotations/annotation[@cp="🐖"][@type="tts"]	🐖	pig		cochon		Modern				2_3
Translations	Emoji	Animals	keyword	🐗			0	//ldml/annotations/annotation[@cp="🐗"][@type="tts"]	🐗	boar		sanglier		Modern				2_3
Translations	Emoji	Animals	keyword	🐘			0	//ldml/annotations/annotation[@cp="🐘"][@type="tts"]	🐘	elephant		éléphant		Modern				2_3
Translations	Emoji	Animals	keyword	🐙			0	//ldml/annotations/annotation[@cp="🐙"][@type="tts"]	🐙	octopus		pieuvre		Modern				2_3
Translations	Emoji	Animals	keyword	🐜			0	//ldml/annotations/annotation[@cp="🐜"][@type="tts"]	🐜	ant		fourmi		Modern				2_3
Translations	Emoji	Animals	keyword	🐝			0	//ldml/annotations/annotation[@cp="🐝"][@type="tts"]	🐝	honeybee		abeille		Modern				2_3
Translations	Emoji	Animals	keyword	🐞			0	//ldml/annotations/annotation[@cp="🐞"][@type="tts"]	🐞	lady beetle		coccinelle		Modern				2_3
Translations	Emoji	Animals	keyword	🐟			0	//ldml/annotations/annotation[@cp="🐟"][@type="tts"]	🐟	fish		poisson		Modern				2_3
Translations	Emoji	Animals	keyword	🐢			0	//ldml/annotations/annotation[@cp="🐢"][@type="tts"]	🐢	turtle		tortue		Modern				2_3
Translations	Emoji	Animals	keyword	🐪			0	//ldml/annotations/annotation[@cp="🐪"][@type="tts"]	🐪	camel		dromadaire		Modern				2_3
Translations	Emoji	Animals	keyword	🐬			0	//ldml/annotations/annotation[@cp="🐬"][@type="tts"]	🐬	dolphin		dauphin		Modern				2_3
Translations	Emoji	Animals	keyword	🐸			0	//ldml/annotations/annotation[@cp="🐸"][@type="tts"]	🐸	frog		grenouille		Modern				2_3
Translations	Emoji	Animals	keyword	🐺			0	//ldml/annotations/annotation[@cp="🐺"][@type="tts"]	🐺	wolf		loup		Modern				2_3
Translations	Emoji	Animals	keyword	🐻			0	//ldml/annotations/annotation[@cp="🐻"][@type="tts"]	🐻	bear		ours		Modern				2_3
Translations	Emoji	Body	keyword	👁️			0	//ldml/annotations/annotation[@cp="👁️"][@type="tts"]	👁️	eye		œil		Modern				2_3
Translations	Emoji	Body	keyword	👂			0	//ldml/annotations/annotation[@cp="👂"][@type="tts"]	👂	ear		oreille		Modern				2_3
Translations	Emoji	Body	keyword	👃			0	//ldml/annotations/annotation[@cp="👃"][@type="tts"]	👃	nose		nez		Modern				2_3
Translations	Emoji	Body	keyword	👄			0	//ldml/annotations/annotation[@cp="👄"][@type="tts"]	👄	mouth		bouche		Modern				2_3
Translations	Emoji	Body	keyword	👅			0	//ldml/annotations/annotation[@cp="👅"][@type="tts"]	👅	tongue		langue		Modern				2_3
Translations	Emoji	Body	keyword	👆			0	//ldml/annotations/annotation[@cp="👆"][@type="tts"]	👆	backhand index pointing up		main avec index pointant vers le haut		Modern				2_3
Translations	Emoji	Body	keyword	👇			0	//ldml/annotations/annotation[@cp="👇"][@type="tts"]	👇	backhand index pointing down		main avec index pointant vers le bas		Modern				2_3
Translations	Emoji	Body	keyword	👈			0	//ldml/annotations/annotation[@cp="👈"][@type="tts"]	👈	backhand index pointing left		main avec index pointant à gauche		Modern				2_3
Translations	Emoji	Body	keyword	👉			0	//ldml/annotations/annotation[@cp="👉"][@type="tts"]	👉	backhand index pointing right		main avec index pointant à droite		Modern				2_3
Translations	Emoji	Body	keyword	👌			0	//ldml/annotations/annotation[@cp="👌"][@type="tts"]	👌	OK hand		ok		Modern				2_3
Translations	Emoji	Body	keyword	👍			0	//ldml/annotations/annotation[@cp="👍"][@type="tts"]	👍	thumbs up		pouce vers le haut		Modern				2_3
Translations	Emoji	Body	keyword	👎			0	//ldml/annotations/annotation[@cp="👎"][@type="tts"]	👎	thumbs down		pouce vers le bas		Modern				2_3
Translations	Emoji	Body	keyword	👏			0	//ldml/annotations/annotation[@cp="👏"][@type="tts"]	👏	clapping hands		applaudissements		Modern				2_3
Translations	Emoji	Clothes	keyword	👑			0	//ldml/annotations/annotation[@cp="👑"][@type="tts"]	👑	crown		couronne		Modern				2_3
Translations	Emoji	Clothes	keyword	👓			0	//ldml/annotations/annotation[@cp="👓"][@type="tts"]	👓	glasses		lunettes de vue		Modern				2_3
Translations	Emoji	Clothes	keyword	👕			0	//ldml/annotations/annotation[@cp="👕"][@type="tts"]	👕	t-shirt		T-shirt		Modern				2_3
Translations	Emoji	Clothes	keyword	👖			0	//ldml/annotations/annotation[@cp="👖"][@type="tts"]	👖	jeans		jean		Modern				2_3
Translations	Emoji	Clothes	keyword	👗			0	//ldml/annotations/annotation[@cp="👗"][@type="tts"]	👗	dress		robe		Modern				2_3
Translations	Emoji	Clothes	keyword	👞			0	//ldml/annotations/annotation[@cp="👞"][@type="tts"]	👞	man’s shoe		chaussure d’homme		Modern				2_3
Translations	Emoji	Clothes	keyword	👠			0	//ldml/annotations/annotation[@cp="👠"][@type="tts"]	👠	high-heeled shoe		chaussure à talon haut		Modern				2_3
Translations	Emoji	Clothes	keyword	👣			0	//ldml/annotations/annotation[@cp="👣"][@type="tts"]	👣	footprints		traces de pas		Modern				2_3
Translations	Emoji	Smileys	keyword	👦			0	//ldml/annotations/annotation[@cp="👦"][@type="tts"]	👦	boy		garçon		Modern				2_3
Translations	Emoji	Smileys	keyword	👧			0	//ldml/annotations/annotation[@cp="👧"][@type="tts"]	👧	girl		fille		Modern				2_3
Translations	Emoji	Smileys	keyword	👨			0	//ldml/annotations/annotation[@cp="👨"][@type="tts"]	👨	man		homme		Modern				2_3
Translations	Emoji	Smileys	keyword	👩			0	//ldml/annotations/annotation[@cp="👩"][@type="tts"]	👩	woman		femme		Modern				2_3
Translations	Emoji	Smileys	keyword	👶			0	//ldml/annotations/annotation[@cp="👶"][@type="tts"]	👶	baby		bébé		Modern				2_3
Translations	Emoji	Smileys	keyword	💀			0	//ldml/annotations/annotation[@cp="💀"][@type="tts"]	💀	skull		crâne		Modern				2_3
Translations	Emoji	Recreation	keyword	💃			0	//ldml/annotations/annotation[@cp="💃"][@type="tts"]	💃	woman dancing		danseuse		Modern				2_3
Translations	Emoji	Body	keyword	💋			0	//ldml/annotations/annotation[@cp="💋"][@type="tts"]	💋	kiss mark		trace de rouge à lèvres		Modern				2_3
Translations	Emoji	Clothes	keyword	💍			0	//ldml/annotations/annotation[@cp="💍"][@type="tts"]	💍	ring		bague		Modern				2_3
Translations	Emoji	Technology	keyword	💡			0	//ldml/annotations/annotation[@cp="💡"][@type="tts"]	💡	light bulb		ampoule		Modern				2_3
Translations	Emoji	Technology	keyword	💣			0	//ldml/annotations/annotation[@cp="💣"][@type="tts"]	💣	bomb		bombe		Modern				2_3
Translations	Emoji	Weather	keyword	💥			0	//ldml/annotations/annotation[@cp="💥"][@type="tts"]	💥	collision		explosion		Modern				2_3
Translations	Emoji	Weather	keyword	💧			0	//ldml/annotations/annotation[@cp="💧"][@type="tts"]	💧	droplet		goutte d’eau		Modern				2_3
Translations	Emoji	Abstract	keyword	💬			0	//ldml/annotations/annotation[@cp="💬"][@type="tts"]	💬	speech balloon		bulle de parole		Modern				2_3
Translations	Emoji	Abstract	keyword	💭			0	//ldml/annotations/annotation[@cp="💭"][@type="tts"]	💭	thought balloon		bulle de pensée		Modern				2_3
Translations	Emoji	Abstract	keyword	💯			0	//ldml/annotations/annotation[@cp="💯"][@type="tts"]	💯	hundred points		cent points		Modern				2_3
Translations	Emoji	Technology	keyword	💰			0	//ldml/annotations/annotation[@cp="💰"][@type="tts"]	💰	money bag		sac plein d’argent		Modern				2_3
Translations	Emoji	Technology	keyword	💺			0	//ldml/annotations/annotation[@cp="💺"][@type="tts"]	💺	seat		siège		Modern				2_3
Translations	Emoji	Technology	keyword	💻			0	//ldml/annotations/annotation[@cp="💻"][@type="tts"]	💻	laptop		ordinateur portable		Modern				2_3
Translations	Emoji	Technology	keyword	📎			0	//ldml/annotations/annotation[@cp="📎"][@type="tts"]	📎	paperclip		trombone		Modern				2_3
Translations	Emoji	Technology	keyword	📚			0	//ldml/annotations/annotation[@cp="📚"][@type="tts"]	📚	books		livres		Modern				2_3
Translations	Emoji	Technology	keyword	📰			0	//ldml/annotations/annotation[@cp="📰"][@type="tts"]	📰	newspaper		journal		Modern				2_3
Translations	Emoji	Technology	keyword	📱			0	//ldml/annotations/annotation[@cp="📱"][@type="tts"]	📱	mobile phone		téléphone portable		Modern				2_3
Translations	Emoji	Technology	keyword	📶			0	//ldml/annotations/annotation[@cp="📶"][@type="tts"]	📶	antenna bars		barres de réseau		Modern				2_3
Translations	Emoji	Technology	keyword	📷			0	//ldml/annotations/annotation[@cp="📷"][@type="tts"]	📷	camera		appareil photo		Modern				2_3
Translations	Emoji	Technology	keyword	📺			0	//ldml/annotations/annotation[@cp="📺"][@type="tts"]	📺	television		téléviseur		Modern				2_3
Translations	Emoji	Technology	keyword	📻			0	//ldml/annotations/annotation[@cp="📻"][@type="tts"]	📻	radio		radio		Modern				2_3
Translations	Emoji	Technology	keyword	🔥			0	//ldml/annotations/annotation[@cp="🔥"][@type="tts"]	🔥	fire		feu		Modern				2_3
Translations	Emoji	Abstract	keyword	🔴			0	//ldml/annotations/annotation[@cp="🔴"][@type="tts"]	🔴	red circle		disque rouge		Modern				2_3
Translations	Emoji	Abstract	keyword	🔵			0	//ldml/annotations/annotation[@cp="🔵"][@type="tts"]	🔵	blue circle		disque bleu		Modern				2_3
Translations	Emoji	Arrows	keyword	🔼			0	//ldml/annotations/annotation[@cp="🔼"][@type="tts"]	🔼	upwards button		petit triangle haut		Modern				2_3
Translations	Emoji	Arrows	keyword	🔽			0	//ldml/annotations/annotation[@cp="🔽"][@type="tts"]	🔽	downwards button		petit triangle bas		Modern				2_3
Translations	Emoji	Technology	keyword	🕯️			0	//ldml/annotations/annotation[@cp="🕯️"][@type="tts"]	🕯️	candle		bougie		Modern				2_3
Translations	Emoji	Clothes	keyword	🕶️			0	//ldml/annotations/annotation[@cp="🕶️"][@type="tts"]	🕶️	sunglasses		lunettes de soleil		Modern				2_3
Translations	Emoji	Animals	keyword	🕷️			0	//ldml/annotations/annotation[@cp="🕷️"][@type="tts"]	🕷️	spider		araignée		Modern				2_3
Translations	Emoji	Recreation	keyword	🕺			0	//ldml/annotations/annotation[@cp="🕺"][@type="tts"]	🕺	man dancing		danseur		Modern				2_3
Translations	Emoji	Smileys	keyword	😀			0	//ldml/annotations/annotation[@cp="😀"][@type="tts"]	😀	grinning face		visage rieur		Modern				2_3
Translations	Emoji	Smileys	keyword	😠			0	//ldml/annotations/annotation[@cp="😠"][@type="tts"]	😠	angry face		visage en colère		Modern				2_3
Translations	Emoji	Smileys	keyword	🤔			0	//ldml/annotations/annotation[@cp="🤔"][@type="tts"]	🤔	thinking face		visage en pleine réflexion		Modern				2_3
Translations	Emoji	Smileys	keyword	🤣			0	//ldml/annotations/annotation[@cp="🤣"][@type="tts"]	🤣	rolling on the floor laughing		se rouler par terre de rire		Modern				2_3
Translations	Emoji	Smileys	keyword	🥰			0	//ldml/annotations/annotation[@cp="🥰"][@type="tts"]	🥰	smiling face with hearts		visage souriant avec cœurs		Modern				2_3
Translations	Emoji	Animals	keyword	🦋			0	//ldml/annotations/annotation[@cp="🦋"][@type="tts"]	🦋	butterfly		papillon		Modern				2_3
Translations	NumberSystems		numbers	arab			0	//ldml/localeDisplayNames/types/type[@key="numbers"][@type="arab"]		Arabic-Indic Digits	Arabic-Indic Digits	chiffres arabes	chiffres arabes	Moderate if Local				5
Translations	NumberSystems		numbers	arabext			0	//ldml/localeDisplayNames/types/type[@key="numbers"][@type="arabext"]		Extended Arabic-Indic Digits	Extended Arabic-Indic Digits	chiffres arabes étendus	chiffres arabes étendus	Moderate if Local				5
Translations	NumberSystems		numbers	armn			0	//ldml/localeDisplayNames/types/type[@key="numbers"][@type="armn"]		Armenian Numerals	Armenian Numerals	chiffres arméniens	chiffres arméniens	Moderate if Local				5
Translations	NumberSystems		numbers	armnlow			0	//ldml/localeDisplayNames/types/type[@key="numbers"][@type="armnlow"]		Armenian Lowercase Numerals	Armenian Lowercase Numerals	chiffres arméniens minuscules	chiffres arméniens minuscules	Moderate if Local				5
Translations	NumberSystems		numbers	beng			0	//ldml/localeDisplayNames/types/type[@key="numbers"][@type="beng"]		Bangla Digits	Bangla Digits	chiffres bengalis	chiffres bengalis	Moderate if Local				5
Translations	NumberSystems		numbers	cakm			0	//ldml/localeDisplayNames/types/type[@key="numbers"][@type="cakm"]		Chakma Digits	Chakma Digits	chiffres chakmas	chiffres chakmas	Moderate if Local				5
Translations	NumberSystems		numbers	deva			0	//ldml/localeDisplayNames/types/type[@key="numbers"][@type="deva"]		Devanagari Digits	Devanagari Digits	chiffres dévanagaris	chiffres dévanagaris	Moderate if Local				5
Translations	NumberSystems		numbers	ethi			0	//ldml/localeDisplayNames/types/type[@key="numbers"][@type="ethi"]		Ethiopic Numerals	Ethiopic Numerals	chiffres éthiopiens	chiffres éthiopiens	Moderate if Local				5
Translations	NumberSystems		numbers	fullwide			0	//ldml/localeDisplayNames/types/type[@key="numbers"][@type="fullwide"]		Full-Width Digits	Full-Width Digits	chiffres pleine chasse	chiffres pleine chasse	Moderate if Local				5
Translations	NumberSystems		numbers	geor			0	//ldml/localeDisplayNames/types/type[@key="numbers"][@type="geor"]		Georgian Numerals	Georgian Numerals	chiffres géorgiens	chiffres géorgiens	Moderate if Local				5
Translations	NumberSystems		numbers	grek			0	//ldml/localeDisplayNames/types/type[@key="numbers"][@type="grek"]		Greek Numerals	Greek Numerals	chiffres grecs	chiffres grecs	Moderate if Local				5
Translations	NumberSystems		numbers	greklow			0	//ldml/localeDisplayNames/types/type[@key="numbers"][@type="greklow"]		Greek Lowercase Numerals	Greek Lowercase Numerals	chiffres grecs minuscules	chiffres grecs minuscules	Moderate if Local				5
Translations	NumberSystems		numbers	gujr			0	//ldml/localeDisplayNames/types/type[@key="numbers"][@type="gujr"]		Gujarati Digits	Gujarati Digits	chiffres goudjarâtîs	chiffres goudjarâtîs	Moderate if Local				5
Translations	NumberSystems		numbers	guru			0	//ldml/localeDisplayNames/types/type[@key="numbers"][@type="guru"]		Gurmukhi Digits	Gurmukhi Digits	chiffres gourmoukhîs	chiffres gourmoukhîs	Moderate if Local				5
Translations	NumberSystems		numbers	hanidec			0	//ldml/localeDisplayNames/types/type[@key="numbers"][@type="hanidec"]		Chinese Decimal Numerals	Chinese Decimal Numerals	nombres décimaux chinois	nombres décimaux chinois	Moderate if Local				5
Translations	NumberSystems		numbers	hans			0	//ldml/localeDisplayNames/types/type[@key="numbers"][@type="hans"]		Simplified Chinese Numerals	Simplified Chinese Numerals	chiffres en chinois simplifié	chiffres en chinois simplifié	Moderate if Local				5
Translations	NumberSystems		numbers	hansfin			0	//ldml/localeDisplayNames/types/type[@key="numbers"][@type="hansfin"]		Simplified Chinese Financial Numerals	Simplified Chinese Financial Numerals	chiffres financiers en chinois simplifié	chiffres financiers en chinois simplifié	Moderate if Local				5
Translations	NumberSystems		numbers	hant			0	//ldml/localeDisplayNames/types/type[@key="numbers"][@type="hant"]		Traditional Chinese Numerals	Traditional Chinese Numerals	chiffres en chinois traditionnel	chiffres en chinois traditionnel	Moderate if Local				5
Translations	NumberSystems		numbers	hantfin			0	//ldml/localeDisplayNames/types/type[@key="numbers"][@type="hantfin"]		Traditional Chinese Financial Numerals	Traditional Chinese Financial Numerals	chiffres financiers en chinois traditionnel	chiffres financiers en chinois traditionnel	Moderate if Local				5
Translations	NumberSystems		numbers	hebr			0	//ldml/localeDisplayNames/types/type[@key="numbers"][@type="hebr"]		Hebrew Numerals	Hebrew Numerals	chiffres hébreux	chiffres hébreux	Moderate if Local				5
Translations	NumberSystems		numbers	java			0	//ldml/localeDisplayNames/types/type[@key="numbers"][@type="java"]		Javanese Digits	Javanese Digits	chiffres javanais	chiffres javanais	Moderate if Local				5
Translations	NumberSystems		numbers	jpan			0	//ldml/localeDisplayNames/types/type[@key="numbers"][@type="jpan"]		Japanese Numerals	Japanese Numerals	chiffres japonais	chiffres japonais	Moderate if Local				5
Translations	NumberSystems		numbers	jpanfin			0	//ldml/localeDisplayNames/types/type[@key="numbers"][@type="jpanfin"]		Japanese Financial Numerals	Japanese Financial Numerals	chiffres japonais financiers	chiffres japonais financiers	Moderate if Local				5
Translations	NumberSystems		numbers	khmr			0	//ldml/localeDisplayNames/types/type[@key="numbers"][@type="khmr"]		Khmer Digits	Khmer Digits	chiffres khmers	chiffres khmers	Moderate if Local				5
Translations	NumberSystems		numbers	knda			0	//ldml/localeDisplayNames/types/type[@key="numbers"][@type="knda"]		Kannada Digits	Kannada Digits	chiffres en kannada	chiffres en kannada	Moderate if Local				5
Translations	NumberSystems		numbers	laoo			0	//ldml/localeDisplayNames/types/type[@key="numbers"][@type="laoo"]		Lao Digits	Lao Digits	chiffres laotiens	chiffres laotiens	Moderate if Local				5
Translations	NumberSystems		numbers	latn			0	//ldml/localeDisplayNames/types/type[@key="numbers"][@type="latn"]		Western Digits	Western Digits	chiffres occidentaux	chiffres occidentaux	Moderate				5
Translations	NumberSystems		numbers	mlym			0	//ldml/localeDisplayNames/types/type[@key="numbers"][@type="mlym"]		Malayalam Digits	Malayalam Digits	chiffres malayâlams	chiffres malayâlams	Moderate if Local				5
Translations	NumberSystems		numbers	mtei			0	//ldml/localeDisplayNames/types/type[@key="numbers"][@type="mtei"]		Meetei Mayek Digits	Meetei Mayek Digits	chiffres meitei-mayeks	chiffres meitei-mayeks	Moderate if Local				5
Translations	NumberSystems		numbers	mymr			0	//ldml/localeDisplayNames/types/type[@key="numbers"][@type="mymr"]		Myanmar Digits	Myanmar Digits	chiffres birmans	chiffres birmans	Moderate if Local				5
Translations	NumberSystems		numbers	native			0	//ldml/localeDisplayNames/types/type[@key="numbers"][@type="native"]		Native Digits	Native Digits	chiffres natifs	chiffres natifs	Moderate if Local				5
Translations	NumberSystems		numbers	olck			0	//ldml/localeDisplayNames/types/type[@key="numbers"][@type="olck"]		Ol Chiki Digits	Ol Chiki Digits	chiffres ol-chikis	chiffres ol-chikis	Moderate if Local				5
Translations	NumberSystems		numbers	orya			0	//ldml/localeDisplayNames/types/type[@key="numbers"][@type="orya"]		Odia Digits	Odia Digits	chiffres oriyas	chiffres oriyas	Moderate if Local				5
Translations	NumberSystems		numbers	roman			0	//ldml/localeDisplayNames/types/type[@key="numbers"][@type="roman"]		Roman Numerals	Roman Numerals	chiffres romains	chiffres romains	Moderate if Local				5
Translations	NumberSystems		numbers	romanlow			0	//ldml/localeDisplayNames/types/type[@key="numbers"][@type="romanlow"]		Roman Lowercase Numerals	Roman Lowercase Numerals	chiffres romains minuscules	chiffres romains minuscules	Moderate if Local				5
Translations	NumberSystems		numbers	taml			0	//ldml/localeDisplayNames/types/type[@key="numbers"][@type="taml"]		Traditional Tamil Numerals	Traditional Tamil Numerals	chiffres tamouls traditionnels	chiffres tamouls traditionnels	Moderate if Local				5
Translations	NumberSystems		numbers	tamldec			0	//ldml/localeDisplayNames/types/type[@key="numbers"][@type="tamldec"]		Tamil Digits	Tamil Digits	chiffres tamouls	chiffres tamouls	Moderate if Local				5
Translations	NumberSystems		numbers	telu			0	//ldml/localeDisplayNames/types/type[@key="numbers"][@type="telu"]		Telugu Digits	Telugu Digits	chiffres télougous	chiffres télougous	Moderate if Local				5
Translations	NumberSystems		numbers	thai			0	//ldml/localeDisplayNames/types/type[@key="numbers"][@type="thai"]		Thai Digits	Thai Digits	chiffres thaïs	chiffres thaïs	Moderate if Local				5
Translations	NumberSystems		numbers	tibt			0	//ldml/localeDisplayNames/types/type[@key="numbers"][@type="tibt"]		Tibetan Digits	Tibetan Digits	chiffres tibétains	chiffres tibétains	Moderate if Local				5
Translations	NumberSystems		numbers	vaii			0	//ldml/localeDisplayNames/types/type[@key="numbers"][@type="vaii"]		Vai Digits	Vai Digits	chiffres en vaï	chiffres en vaï	Moderate if Local				5
Quantities	DirectionExamples		ordinalMinimalPairs	few			1	//ldml/numbers/minimalPairs/ordinalMinimalPairs[@ordinal="few"]	co3-3_XXX	Take the 3rd right		Prenez la 3e à droite.		Moderate	3		sub	1
Quantities	DirectionExamples		ordinalMinimalPairs	one			1	//ldml/numbers/minimalPairs/ordinalMinimalPairs[@ordinal="one"]	co3-1_XXX	Take the 1st right	Take the {0}st right.	Prenez la 1re à droite.	Prenez la {0}re à droite.	Moderate	1		sub	1
Quantities	DirectionExamples		ordinalMinimalPairs	other			1	//ldml/numbers/minimalPairs/ordinalMinimalPairs[@ordinal="other"]		Take the 10th right		Prenez la 10e à droite.	Prenez la {0}e à droite.	Moderate	10		sub	5
Quantities	DirectionExamples		ordinalMinimalPairs	two			1	//ldml/numbers/minimalPairs/ordinalMinimalPairs[@ordinal="two"]	co3-2_XXX	Take the 2nd right		Prenez la 2e à droite.		Moderate	2		sub	1
Translations	Regions		territory	001			0	//ldml/localeDisplayNames/territories/territory[@type="001"]		world	world	Monde	Monde	Moderate				2_3
Translations	Regions		territory	002			0	//ldml/localeDisplayNames/territories/territory[@type="002"]		Africa	Africa	Afrique	Afrique	Moderate				2_3
Translations	Regions		territory	003			0	//ldml/localeDisplayNames/territories/territory[@type="003"]		North America	North America	Amérique du Nord	Amérique du Nord	Moderate				2_3
Translations	Regions		territory	005			0	//ldml/localeDisplayNames/territories/territory[@type="005"]		South America	South America	Amérique du Sud	Amérique du Sud	Moderate				2_3
Translations	Regions		territory	009			0	//ldml/localeDisplayNames/territories/territory[@type="009"]		Oceania	Oceania	Océanie	Océanie	Moderate				2_3
Translations	Regions		territory	011			0	//ldml/localeDisplayNames/territories/territory[@type="011"]		Western Africa	Western Africa	Afrique occidentale	Afrique occidentale	Moderate				2_3
Translations	Regions		territory	013			0	//ldml/localeDisplayNames/territories/territory[@type="013"]		Central America	Central America	Amérique centrale	Amérique centrale	Moderate				2_3
Translations	Regions		territory	014			0	//ldml/localeDisplayNames/territories/territory[@type="014"]		Eastern Africa	Eastern Africa	Afrique orientale	Afrique orientale	Moderate				2_3
Translations	Regions		territory	015			0	//ldml/localeDisplayNames/territories/territory[@type="015"]		Northern Africa	Northern Africa	Afrique septentrionale	Afrique septentrionale	Moderate				2_3
Translations	Regions		territory	017			0	//ldml/localeDisplayNames/territories/territory[@type="017"]		Middle Africa	Middle Africa	Afrique centrale	Afrique centrale	Moderate				2_3
Translations	Regions		territory	018			0	//ldml/localeDisplayNames/territories/territory[@type="018"]		Southern Africa	Southern Africa	Afrique australe	Afrique australe	Moderate				2_3
Translations	Regions		territory	019			0	//ldml/localeDisplayNames/territories/territory[@type="019"]		Americas	Americas	Amériques	Amériques	Moderate				2_3
Translations	Regions		territory	021			0	//ldml/localeDisplayNames/territories/territory[@type="021"]		Northern America	Northern America	Amérique septentrionale	Amérique septentrionale	Moderate				2_3
Translations	Regions		territory	029			0	//ldml/localeDisplayNames/territories/territory[@type="029"]		Caribbean	Caribbean	Caraïbes	Caraïbes	Moderate				2_3
Translations	Regions		territory	030			0	//ldml/localeDisplayNames/territories/territory[@type="030"]		Eastern Asia	Eastern Asia	Asie de l’Est	Asie de l’Est	Moderate				2_3
Translations	Regions		territory	034			0	//ldml/localeDisplayNames/territories/territory[@type="034"]		Southern Asia	Southern Asia	Asie du Sud	Asie du Sud	Moderate				2_3
Translations	Regions		territory	035			0	//ldml/localeDisplayNames/territories/territory[@type="035"]		Southeast Asia	Southeast Asia	Asie du Sud-Est	Asie du Sud-Est	Moderate				2_3
Translations	Regions		territory	039			0	//ldml/localeDisplayNames/territories/territory[@type="039"]		Southern Europe	Southern Europe	Europe du Sud	Europe du Sud	Moderate				2_3
Translations	Regions		territory	053			0	//ldml/localeDisplayNames/territories/territory[@type="053"]		Australasia	Australasia	Australasie	Australasie	Moderate				2_3
Translations	Regions		territory	054			0	//ldml/localeDisplayNames/territories/territory[@type="054"]		Melanesia	Melanesia	Mélanésie	Mélanésie	Moderate				2_3
Translations	Regions		territory	057			0	//ldml/localeDisplayNames/territories/territory[@type="057"]		Micronesian Region	Micronesian Region	région micronésienne	région micronésienne	Moderate				2_3
Translations	Regions		territory	061			0	//ldml/localeDisplayNames/territories/territory[@type="061"]		Polynesia	Polynesia	Polynésie	Polynésie	Moderate				5
Translations	Regions		territory	142			0	//ldml/localeDisplayNames/territories/territory[@type="142"]		Asia	Asia	Asie	Asie	Moderate				2_3
Translations	Regions		territory	143			0	//ldml/localeDisplayNames/territories/territory[@type="143"]		Central Asia	Central Asia	Asie centrale	Asie centrale	Moderate				2_3
Translations	Regions		territory	145			0	//ldml/localeDisplayNames/territories/territory[@type="145"]		Western Asia	Western Asia	Asie de l’Ouest	Asie de l’Ouest	Moderate				2_3
Translations	Regions		territory	150			0	//ldml/localeDisplayNames/territories/territory[@type="150"]		Europe	Europe	Europe	Europe	Moderate				2_3
Translations	Regions		territory	151			0	//ldml/localeDisplayNames/territories/territory[@type="151"]		Eastern Europe	Eastern Europe	Europe de l’Est	Europe de l’Est	Moderate				2_3
Translations	Regions		territory	154			0	//ldml/localeDisplayNames/territories/territory[@type="154"]		Northern Europe	Northern Europe	Europe du Nord	Europe du Nord	Moderate				2_3
Translations	Regions		territory	155			0	//ldml/localeDisplayNames/territories/territory[@type="155"]		Western Europe	Western Europe	Europe de l’Ouest	Europe de l’Ouest	Moderate				2_3
Translations	Regions		territory	202			0	//ldml/localeDisplayNames/territories/territory[@type="202"]		Sub-Saharan Africa	Sub-Saharan Africa	Afrique subsaharienne	Afrique subsaharienne	Moderate				2_3
Translations	Regions		territory	419			0	//ldml/localeDisplayNames/territories/territory[@type="419"]		Latin America	Latin America	Amérique latine	Amérique latine	Moderate				2_3
Translations	Regions		territory	EU			0	//ldml/localeDisplayNames/territories/territory[@type="EU"]		European Union	European Union	Union européenne	Union européenne	Moderate				2_3
Translations	Regions		territory	EZ			0	//ldml/localeDisplayNames/territories/territory[@type="EZ"]		Eurozone	Eurozone	zone euro	zone euro	Moderate				2_3
Translations	Regions		territory	QO			0	//ldml/localeDisplayNames/territories/territory[@type="QO"]		Outlying Oceania	Outlying Oceania	régions éloignées de l’Océanie	régions éloignées de l’Océanie	Moderate				5
Translations	Regions		territory	UN			0	//ldml/localeDisplayNames/territories/territory[@type="UN"]		United Nations	United Nations	Nations Unies	Nations Unies	Moderate				2_3
Translations	Regions		territory	UN	s		0	//ldml/localeDisplayNames/territories/territory[@type="UN"][@alt="short"]		UN	UN	ONU	ONU	Moderate				2_3
Translations	Regions		territory	XA			0	//ldml/localeDisplayNames/territories/territory[@type="XA"]		Pseudo-Accents	Pseudo-Accents	pseudo-accents	pseudo-accents	Moderate				5
Translations	Regions		territory	XB			0	//ldml/localeDisplayNames/territories/territory[@type="XB"]		Pseudo-Bidi	Pseudo-Bidi	pseudo-bidi	pseudo-bidi	Moderate				5
Translations	Regions		territory	ZZ			0	//ldml/localeDisplayNames/territories/territory[@type="ZZ"]		Unknown Region	Unknown Region	région indéterminée	région indéterminée	Moderate				5
Translations	Timezones	Other	gmtZeroFormat				0	//ldml/dates/timeZoneNames/gmtZeroFormat		GMT	GMT	UTC	UTC	Basic				5
Translations	Timezones	SouthernAsia	metazone	Afghanistan		standard	0	//ldml/dates/timeZoneNames/metazone[@type="Afghanistan"]/long/standard		Afghanistan Time	Afghanistan Time	heure de l’Afghanistan	heure de l’Afghanistan	Moderate				5
Translations	Timezones	Africa	metazone	Africa_Central		standard	0	//ldml/dates/timeZoneNames/metazone[@type="Africa_Central"]/long/standard		Central Africa Time	Central Africa Time	heure normale d’Afrique centrale	heure normale d’Afrique centrale	Moderate				2_3
Translations	Timezones	Africa	metazone	Africa_Eastern		standard	0	//ldml/dates/timeZoneNames/metazone[@type="Africa_Eastern"]/long/standard		East Africa Time	East Africa Time	heure normale d’Afrique de l’Est	heure normale d’Afrique de l’Est	Moderate				2_3
Translations	Timezones	Africa	metazone	Africa_Southern		standard	0	//ldml/dates/timeZoneNames/metazone[@type="Africa_Southern"]/long/standard		South Africa Standard Time	South Africa Standard Time	heure normale d’Afrique méridionale	heure normale d’Afrique méridionale	Moderate				2_3
Translations	Timezones	Africa	metazone	Africa_Western		daylight	0	//ldml/dates/timeZoneNames/metazone[@type="Africa_Western"]/long/daylight		West Africa Summer Time	West Africa Summer Time	heure d’été d’Afrique de l’Ouest	heure d’été d’Afrique de l’Ouest	Moderate				2_3
Translations	Timezones	Africa	metazone	Africa_Western		generic	0	//ldml/dates/timeZoneNames/metazone[@type="Africa_Western"]/long/generic		West Africa Time	West Africa Time	heure d’Afrique de l’Ouest	heure d’Afrique de l’Ouest	Moderate				2_3
Translations	Timezones	Africa	metazone	Africa_Western		standard	0	//ldml/dates/timeZoneNames/metazone[@type="Africa_Western"]/long/standard		West Africa Standard Time	West Africa Standard Time	heure normale d’Afrique de l’Ouest	heure normale d’Afrique de l’Ouest	Moderate				2_3
Translations	Timezones	NorthAmerica	metazone	Alaska		daylight	0	//ldml/dates/timeZoneNames/metazone[@type="Alaska"]/long/daylight		Alaska Daylight Time	Alaska Daylight Time	heure d’été de l’Alaska	heure d’été de l’Alaska	Moderate				5
Translations	Timezones	NorthAmerica	metazone	Alaska		generic	0	//ldml/dates/timeZoneNames/metazone[@type="Alaska"]/long/generic		Alaska Time	Alaska Time	heure de l’Alaska	heure de l’Alaska	Moderate				5
Translations	Timezones	NorthAmerica	metazone	Alaska		standard	0	//ldml/dates/timeZoneNames/metazone[@type="Alaska"]/long/standard		Alaska Standard Time	Alaska Standard Time	heure normale de l’Alaska	heure normale de l’Alaska	Moderate				5
Translations	Timezones	SouthAmerica	metazone	Amazon		daylight	0	//ldml/dates/timeZoneNames/metazone[@type="Amazon"]/long/daylight		Amazon Summer Time	Amazon Summer Time	heure d’été de l’Amazonie	heure d’été de l’Amazonie	Moderate				5
Translations	Timezones	SouthAmerica	metazone	Amazon		generic	0	//ldml/dates/timeZoneNames/metazone[@type="Amazon"]/long/generic		Amazon Time	Amazon Time	heure de l’Amazonie	heure de l’Amazonie	Moderate				5
Translations	Timezones	SouthAmerica	metazone	Amazon		standard	0	//ldml/dates/timeZoneNames/metazone[@type="Amazon"]/long/standard		Amazon Standard Time	Amazon Standard Time	heure normale de l’Amazonie	heure normale de l’Amazonie	Moderate				5
Translations	Timezones	NorthAmerica	metazone	America_Central		daylight	0	//ldml/dates/timeZoneNames/metazone[@type="America_Central"]/long/daylight		Central Daylight Time	Central Daylight Time	heure d’été du centre nord-américain	heure d’été du centre nord-américain	Moderate				5
Translations	Timezones	NorthAmerica	metazone	America_Central		generic	0	//ldml/dates/timeZoneNames/metazone[@type="America_Central"]/long/generic		Central Time	Central Time	heure du centre nord-américain	heure du centre nord-américain	Moderate				5
Translations	Timezones	NorthAmerica	metazone	America_Central		standard	0	//ldml/dates/timeZoneNames/metazone[@type="America_Central"]/long/standard		Central Standard Time	Central Standard Time	heure normale du centre nord-américain	heure normale du centre nord-américain	Moderate				5
Translations	Timezones	NorthAmerica	metazone	America_Eastern		daylight	0	//ldml/dates/timeZoneNames/metazone[@type="America_Eastern"]/long/daylight		Eastern Daylight Time	Eastern Daylight Time	heure d’été de l’Est nord-américain	heure d’été de l’Est nord-américain	Moderate				5
Translations	Timezones	NorthAmerica	metazone	America_Eastern		generic	0	//ldml/dates/timeZoneNames/metazone[@type="America_Eastern"]/long/generic		Eastern Time	Eastern Time	heure de l’Est nord-américain	heure de l’Est nord-américain	Moderate				5
Translations	Timezones	NorthAmerica	metazone	America_Eastern		standard	0	//ldml/dates/timeZoneNames/metazone[@type="America_Eastern"]/long/standard		Eastern Standard Time	Eastern Standard Time	heure normale de l’Est nord-américain	heure normale de l’Est nord-américain	Moderate				5
Translations	Timezones	NorthAmerica	metazone	America_Mountain		daylight	0	//ldml/dates/timeZoneNames/metazone[@type="America_Mountain"]/long/daylight		Mountain Daylight Time	Mountain Daylight Time	heure d’été des Rocheuses	heure d’été des Rocheuses	Moderate				5
Translations	Timezones	NorthAmerica	metazone	America_Mountain		generic	0	//ldml/dates/timeZoneNames/metazone[@type="America_Mountain"]/long/generic		Mountain Time	Mountain Time	heure des Rocheuses	heure des Rocheuses	Moderate				5
Translations	Timezones	NorthAmerica	metazone	America_Mountain		standard	0	//ldml/dates/timeZoneNames/metazone[@type="America_Mountain"]/long/standard		Mountain Standard Time	Mountain Standard Time	heure normale des Rocheuses	heure normale des Rocheuses	Moderate				5
Translations	Timezones	NorthAmerica	metazone	America_Pacific		daylight	0	//ldml/dates/timeZoneNames/metazone[@type="America_Pacific"]/long/daylight		Pacific Daylight Time	Pacific Daylight Time	heure d’été du Pacifique nord-américain	heure d’été du Pacifique nord-américain	Moderate				5
Translations	Timezones	NorthAmerica	metazone	America_Pacific		generic	0	//ldml/dates/timeZoneNames/metazone[@type="America_Pacific"]/long/generic		Pacific Time	Pacific Time	heure du Pacifique nord-américain	heure du Pacifique nord-américain	Moderate				5
Translations	Timezones	NorthAmerica	metazone	America_Pacific		standard	0	//ldml/dates/timeZoneNames/metazone[@type="America_Pacific"]/long/standard		Pacific Standard Time	Pacific Standard Time	heure normale du Pacifique nord-américain	heure normale du Pacifique nord-américain	Moderate				5
Translations	Timezones	Oceania	metazone	Apia		daylight	0	//ldml/dates/timeZoneNames/metazone[@type="Apia"]/long/daylight		Apia Daylight Time	Apia Daylight Time	heure d’été d’Apia	heure d’été d’Apia	Moderate				5
Translations	Timezones	Oceania	metazone	Apia		generic	0	//ldml/dates/timeZoneNames/metazone[@type="Apia"]/long/generic		Apia Time	Apia Time	heure d’Apia	heure d’Apia	Moderate				5
Translations	Timezones	Oceania	metazone	Apia		standard	0	//ldml/dates/timeZoneNames/metazone[@type="Apia"]/long/standard		Apia Standard Time	Apia Standard Time	heure normale d’Apia	heure normale d’Apia	Moderate				5
Translations	Timezones	WesternAsia	metazone	Arabian		daylight	0	//ldml/dates/timeZoneNames/metazone[@type="Arabian"]/long/daylight		Arabian Daylight Time	Arabian Daylight Time	heure d’été de l’Arabie	heure d’été de l’Arabie	Moderate				5
Translations	Timezones	WesternAsia	metazone	Arabian		generic	0	//ldml/dates/timeZoneNames/metazone[@type="Arabian"]/long/generic		Arabian Time	Arabian Time	heure de l’Arabie	heure de l’Arabie	Moderate				5
Translations	Timezones	WesternAsia	metazone	Arabian		standard	0	//ldml/dates/timeZoneNames/metazone[@type="Arabian"]/long/standard		Arabian Standard Time	Arabian Standard Time	heure normale de l’Arabie	heure normale de l’Arabie	Moderate				5
Translations	Timezones	SouthAmerica	metazone	Argentina		daylight	0	//ldml/dates/timeZoneNames/metazone[@type="Argentina"]/long/daylight		Argentina Summer Time	Argentina Summer Time	heure d’été de l’Argentine	heure d’été de l’Argentine	Moderate				5
Translations	Timezones	SouthAmerica	metazone	Argentina		generic	0	//ldml/dates/timeZoneNames/metazone[@type="Argentina"]/long/generic		Argentina Time	Argentina Time	heure de l’Argentine	heure de l’Argentine	Moderate				5
Translations	Timezones	SouthAmerica	metazone	Argentina		standard	0	//ldml/dates/timeZoneNames/metazone[@type="Argentina"]/long/standard		Argentina Standard Time	Argentina Standard Time	heure normale d’Argentine	heure normale d’Argentine	Moderate				5
Translations	Timezones	SouthAmerica	metazone	Argentina_Western		daylight	0	//ldml/dates/timeZoneNames/metazone[@type="Argentina_Western"]/long/daylight		Western Argentina Summer Time	Western Argentina Summer Time	heure d’été de l’Ouest argentin	heure d’été de l’Ouest argentin	Moderate				5
Translations	Timezones	SouthAmerica	metazone	Argentina_Western		generic	0	//ldml/dates/timeZoneNames/metazone[@type="Argentina_Western"]/long/generic		Western Argentina Time	Western Argentina Time	heure de l’Ouest argentin	heure de l’Ouest argentin	Moderate				5
Translations	Timezones	SouthAmerica	metazone	Argentina_Western		standard	0	//ldml/dates/timeZoneNames/metazone[@type="Argentina_Western"]/long/standard		Western Argentina Standard Time	Western Argentina Standard Time	heure normale de l’Ouest argentin	heure normale de l’Ouest argentin	Moderate				5
Translations	Timezones	WesternAsia	metazone	Armenia		daylight	0	//ldml/dates/timeZoneNames/metazone[@type="Armenia"]/long/daylight		Armenia Summer Time	Armenia Summer Time	heure d’été d’Arménie	heure d’été d’Arménie	Moderate				5
Translations	Timezones	WesternAsia	metazone	Armenia		generic	0	//ldml/dates/timeZoneNames/metazone[@type="Armenia"]/long/generic		Armenia Time	Armenia Time	heure de l’Arménie	heure de l’Arménie	Moderate				5
Translations	Timezones	WesternAsia	metazone	Armenia		standard	0	//ldml/dates/timeZoneNames/metazone[@type="Armenia"]/long/standard		Armenia Standard Time	Armenia Standard Time	heure normale de l’Arménie	heure normale de l’Arménie	Moderate				5
Translations	Timezones	NorthAmerica	metazone	Atlantic		daylight	0	//ldml/dates/timeZoneNames/metazone[@type="Atlantic"]/long/daylight		Atlantic Daylight Time	Atlantic Daylight Time	heure d’été de l’Atlantique	heure d’été de l’Atlantique	Moderate				5
Translations	Timezones	NorthAmerica	metazone	Atlantic		generic	0	//ldml/dates/timeZoneNames/metazone[@type="Atlantic"]/long/generic		Atlantic Time	Atlantic Time	heure de l’Atlantique	heure de l’Atlantique	Moderate				5
Translations	Timezones	NorthAmerica	metazone	Atlantic		standard	0	//ldml/dates/timeZoneNames/metazone[@type="Atlantic"]/long/standard		Atlantic Standard Time	Atlantic Standard Time	heure normale de l’Atlantique	heure normale de l’Atlantique	Moderate				5
Translations	Timezones	Australasia	metazone	Australia_Central		daylight	0	//ldml/dates/timeZoneNames/metazone[@type="Australia_Central"]/long/daylight		Australian Central Daylight Time	Australian Central Daylight Time	heure d’été du centre de l’Australie	heure d’été du centre de l’Australie	Moderate				5
Translations	Timezones	Australasia	metazone	Australia_Central		generic	0	//ldml/dates/timeZoneNames/metazone[@type="Australia_Central"]/long/generic		Central Australia Time	Central Australia Time	heure du centre de l’Australie	heure du centre de l’Australie	Moderate				5
Translations	Timezones	Australasia	metazone	Australia_Central		standard	0	//ldml/dates/timeZoneNames/metazone[@type="Australia_Central"]/long/standard		Australian Central Standard Time	Australian Central Standard Time	heure normale du centre de l’Australie	heure normale du centre de l’Australie	Moderate				5
Translations	Timezones	Australasia	metazone	Australia_CentralWestern		daylight	0	//ldml/dates/timeZoneNames/metazone[@type="Australia_CentralWestern"]/long/daylight		Australian Central Western Daylight Time	Australian Central Western Daylight Time	heure d’été du centre-ouest de l’Australie	heure d’été du centre-ouest de l’Australie	Moderate				5
Translations	Timezones	Australasia	metazone	Australia_CentralWestern		generic	0	//ldml/dates/timeZoneNames/metazone[@type="Australia_CentralWestern"]/long/generic		Australian Central Western Time	Australian Central Western Time	heure du centre-ouest de l’Australie	heure du centre-ouest de l’Australie	Moderate				5
Translations	Timezones	Australasia	metazone	Australia_CentralWestern		standard	0	//ldml/dates/timeZoneNames/metazone[@type="Australia_CentralWestern"]/long/standard		Australian Central Western Standard Time	Australian Central Western Standard Time	heure normale du centre-ouest de l’Australie	heure normale du centre-ouest de l’Australie	Moderate				5
Translations	Timezones	Australasia	metazone	Australia_Eastern		daylight	0	//ldml/dates/timeZoneNames/metazone[@type="Australia_Eastern"]/long/daylight		Australian Eastern Daylight Time	Australian Eastern Daylight Time	heure d’été de l’Est de l’Australie	heure d’été de l’Est de l’Australie	Moderate				5
Translations	Timezones	Australasia	metazone	Australia_Eastern		generic	0	//ldml/dates/timeZoneNames/metazone[@type="Australia_Eastern"]/long/generic		Eastern Australia Time	Eastern Australia Time	heure de l’Est de l’Australie	heure de l’Est de l’Australie	Moderate				5
Translations	Timezones	Australasia	metazone	Australia_Eastern		standard	0	//ldml/dates/timeZoneNames/metazone[@type="Australia_Eastern"]/long/standard		Australian Eastern Standard Time	Australian Eastern Standard Time	heure normale de l’Est de l’Australie	heure normale de l’Est de l’Australie	Moderate				5
Translations	Timezones	Australasia	metazone	Australia_Western		daylight	0	//ldml/dates/timeZoneNames/metazone[@type="Australia_Western"]/long/daylight		Australian Western Daylight Time	Australian Western Daylight Time	heure d’été de l’Ouest de l’Australie	heure d’été de l’Ouest de l’Australie	Moderate				5
Translations	Timezones	Australasia	metazone	Australia_Western		generic	0	//ldml/dates/timeZoneNames/metazone[@type="Australia_Western"]/long/generic		Western Australia Time	Western Australia Time	heure de l’Ouest de l’Australie	heure de l’Ouest de l’Australie	Moderate				5
Translations	Timezones	Australasia	metazone	Australia_Western		standard	0	//ldml/dates/timeZoneNames/metazone[@type="Australia_Western"]/long/standard		Australian Western Standard Time	Australian Western Standard Time	heure normale de l’Ouest de l’Australie	heure normale de l’Ouest de l’Australie	Moderate				5
Translations	Timezones	WesternAsia	metazone	Azerbaijan		daylight	0	//ldml/dates/timeZoneNames/metazone[@type="Azerbaijan"]/long/daylight		Azerbaijan Summer Time	Azerbaijan Summer Time	heure d’été d’Azerbaïdjan	heure d’été d’Azerbaïdjan	Moderate				5
Translations	Timezones	WesternAsia	metazone	Azerbaijan		generic	0	//ldml/dates/timeZoneNames/metazone[@type="Azerbaijan"]/long/generic		Azerbaijan Time	Azerbaijan Time	heure de l’Azerbaïdjan	heure de l’Azerbaïdjan	Moderate				5
Translations	Timezones	WesternAsia	metazone	Azerbaijan		standard	0	//ldml/dates/timeZoneNames/metazone[@type="Azerbaijan"]/long/standard		Azerbaijan Standard Time	Azerbaijan Standard Time	heure normale de l’Azerbaïdjan	heure normale de l’Azerbaïdjan	Moderate				5
Translations	Timezones	Europe	metazone	Azores		daylight	0	//ldml/dates/timeZoneNames/metazone[@type="Azores"]/long/daylight		Azores Summer Time	Azores Summer Time	heure d’été des Açores	heure d’été des Açores	Moderate				5
Translations	Timezones	Europe	metazone	Azores		generic	0	//ldml/dates/timeZoneNames/metazone[@type="Azores"]/long/generic		Azores Time	Azores Time	heure des Açores	heure des Açores	Moderate				5
Translations	Timezones	Europe	metazone	Azores		standard	0	//ldml/dates/timeZoneNames/metazone[@type="Azores"]/long/standard		Azores Standard Time	Azores Standard Time	heure normale des Açores	heure normale des Açores	Moderate				5
Translations	Timezones	SouthernAsia	metazone	Bangladesh		daylight	0	//ldml/dates/timeZoneNames/metazone[@type="Bangladesh"]/long/daylight		Bangladesh Summer Time	Bangladesh Summer Time	heure d’été du Bangladesh	heure d’été du Bangladesh	Moderate				5
Translations	Timezones	SouthernAsia	metazone	Bangladesh		generic	0	//ldml/dates/timeZoneNames/metazone[@type="Bangladesh"]/long/generic		Bangladesh Time	Bangladesh Time	heure du Bangladesh	heure du Bangladesh	Moderate				5
Translations	Timezones	SouthernAsia	metazone	Bangladesh		standard	0	//ldml/dates/timeZoneNames/metazone[@type="Bangladesh"]/long/standard		Bangladesh Standard Time	Bangladesh Standard Time	heure normale du Bangladesh	heure normale du Bangladesh	Moderate				5
Translations	Timezones	SouthernAsia	metazone	Bhutan		standard	0	//ldml/dates/timeZoneNames/metazone[@type="Bhutan"]/long/standard		Bhutan Time	Bhutan Time	heure du Bhoutan	heure du Bhoutan	Moderate				5
Translations	Timezones	SouthAmerica	metazone	Bolivia		standard	0	//ldml/dates/timeZoneNames/metazone[@type="Bolivia"]/long/standard		Bolivia Time	Bolivia Time	heure de Bolivie	heure de Bolivie	Moderate				5
Translations	Timezones	SouthAmerica	metazone	Brasilia		daylight	0	//ldml/dates/timeZoneNames/metazone[@type="Brasilia"]/long/daylight		Brasilia Summer Time	Brasilia Summer Time	heure d’été de Brasilia	heure d’été de Brasilia	Moderate				5
Translations	Timezones	SouthAmerica	metazone	Brasilia		generic	0	//ldml/dates/timeZoneNames/metazone[@type="Brasilia"]/long/generic		Brasilia Time	Brasilia Time	heure de Brasilia	heure de Brasilia	Moderate				5
Translations	Timezones	SouthAmerica	metazone	Brasilia		standard	0	//ldml/dates/timeZoneNames/metazone[@type="Brasilia"]/long/standard		Brasilia Standard Time	Brasilia Standard Time	heure normale de Brasilia	heure normale de Brasilia	Moderate				5
Translations	Timezones	SoutheastAsia	metazone	Brunei		standard	0	//ldml/dates/timeZoneNames/metazone[@type="Brunei"]/long/standard		Brunei Darussalam Time	Brunei Darussalam Time	heure du Brunei	heure du Brunei	Moderate				5
Translations	Timezones	Africa	metazone	Cape_Verde		daylight	0	//ldml/dates/timeZoneNames/metazone[@type="Cape_Verde"]/long/daylight		Cape Verde Summer Time	Cape Verde Summer Time	heure d’été du Cap-Vert	heure d’été du Cap-Vert	Moderate				5
Translations	Timezones	Africa	metazone	Cape_Verde		generic	0	//ldml/dates/timeZoneNames/metazone[@type="Cape_Verde"]/long/generic		Cape Verde Time	Cape Verde Time	heure du Cap-Vert	heure du Cap-Vert	Moderate				5
Translations	Timezones	Africa	metazone	Cape_Verde		standard	0	//ldml/dates/timeZoneNames/metazone[@type="Cape_Verde"]/long/standard		Cape Verde Standard Time	Cape Verde Standard Time	heure normale du Cap-Vert	heure normale du Cap-Vert	Moderate				5
Translations	Timezones	Oceania	metazone	Chamorro		standard	0	//ldml/dates/timeZoneNames/metazone[@type="Chamorro"]/long/standard		Chamorro Standard Time	Chamorro Standard Time	heure des Chamorro	heure des Chamorro	Moderate				5
Translations	Timezones	Australasia	metazone	Chatham		daylight	0	//ldml/dates/timeZoneNames/metazone[@type="Chatham"]/long/daylight		Chatham Daylight Time	Chatham Daylight Time	heure d’été des îles Chatham	heure d’été des îles Chatham	Moderate				5
Translations	Timezones	Australasia	metazone	Chatham		generic	0	//ldml/dates/timeZoneNames/metazone[@type="Chatham"]/long/generic		Chatham Time	Chatham Time	heure des îles Chatham	heure des îles Chatham	Moderate				5
Translations	Timezones	Australasia	metazone	Chatham		standard	0	//ldml/dates/timeZoneNames/metazone[@type="Chatham"]/long/standard		Chatham Standard Time	Chatham Standard Time	heure normale des îles Chatham	heure normale des îles Chatham	Moderate				5
Translations	Timezones	SouthAmerica	metazone	Chile		daylight	0	//ldml/dates/timeZoneNames/metazone[@type="Chile"]/long/daylight		Chile Summer Time	Chile Summer Time	heure d’été du Chili	heure d’été du Chili	Moderate				5
Translations	Timezones	SouthAmerica	metazone	Chile		generic	0	//ldml/dates/timeZoneNames/metazone[@type="Chile"]/long/generic		Chile Time	Chile Time	heure du Chili	heure du Chili	Moderate				5
Translations	Timezones	SouthAmerica	metazone	Chile		standard	0	//ldml/dates/timeZoneNames/metazone[@type="Chile"]/long/standard		Chile Standard Time	Chile Standard Time	heure normale du Chili	heure normale du Chili	Moderate				5
Translations	Timezones	EasternAsia	metazone	China		daylight	0	//ldml/dates/timeZoneNames/metazone[@type="China"]/long/daylight		China Daylight Time	China Daylight Time	heure d’été de Chine	heure d’été de Chine	Moderate				5
Translations	Timezones	EasternAsia	metazone	China		generic	0	//ldml/dates/timeZoneNames/metazone[@type="China"]/long/generic		China Time	China Time	heure de la Chine	heure de la Chine	Moderate				5
Translations	Timezones	EasternAsia	metazone	China		standard	0	//ldml/dates/timeZoneNames/metazone[@type="China"]/long/standard		China Standard Time	China Standard Time	heure normale de la Chine	heure normale de la Chine	Moderate				5
Translations	Timezones	Australasia	metazone	Christmas		standard	0	//ldml/dates/timeZoneNames/metazone[@type="Christmas"]/long/standard		Christmas Island Time	Christmas Island Time	heure de l’île Christmas	heure de l’île Christmas	Moderate				5
Translations	Timezones	Australasia	metazone	Cocos		standard	0	//ldml/dates/timeZoneNames/metazone[@type="Cocos"]/long/standard		Cocos Islands Time	Cocos Islands Time	heure des îles Cocos	heure des îles Cocos	Moderate				5
Translations	Timezones	SouthAmerica	metazone	Colombia		daylight	0	//ldml/dates/timeZoneNames/metazone[@type="Colombia"]/long/daylight		Colombia Summer Time	Colombia Summer Time	heure d’été de Colombie	heure d’été de Colombie	Moderate				5
Translations	Timezones	SouthAmerica	metazone	Colombia		generic	0	//ldml/dates/timeZoneNames/metazone[@type="Colombia"]/long/generic		Colombia Time	Colombia Time	heure de Colombie	heure de Colombie	Moderate				5
Translations	Timezones	SouthAmerica	metazone	Colombia		standard	0	//ldml/dates/timeZoneNames/metazone[@type="Colombia"]/long/standard		Colombia Standard Time	Colombia Standard Time	heure normale de Colombie	heure normale de Colombie	Moderate				5
Translations	Timezones	Oceania	metazone	Cook		daylight	0	//ldml/dates/timeZoneNames/metazone[@type="Cook"]/long/daylight		Cook Islands Half Summer Time	Cook Islands Half Summer Time	heure d’été des îles Cook	heure d’été des îles Cook	Moderate				5
Translations	Timezones	Oceania	metazone	Cook		generic	0	//ldml/dates/timeZoneNames/metazone[@type="Cook"]/long/generic		Cook Islands Time	Cook Islands Time	heure des îles Cook	heure des îles Cook	Moderate				5
Translations	Timezones	Oceania	metazone	Cook		standard	0	//ldml/dates/timeZoneNames/metazone[@type="Cook"]/long/standard		Cook Islands Standard Time	Cook Islands Standard Time	heure normale des îles Cook	heure normale des îles Cook	Moderate				5
Translations	Timezones	NorthAmerica	metazone	Cuba		daylight	0	//ldml/dates/timeZoneNames/metazone[@type="Cuba"]/long/daylight		Cuba Daylight Time	Cuba Daylight Time	heure d’été de Cuba	heure d’été de Cuba	Moderate				5
Translations	Timezones	NorthAmerica	metazone	Cuba		generic	0	//ldml/dates/timeZoneNames/metazone[@type="Cuba"]/long/generic		Cuba Time	Cuba Time	heure de Cuba	heure de Cuba	Moderate				5
Translations	Timezones	NorthAmerica	metazone	Cuba		standard	0	//ldml/dates/timeZoneNames/metazone[@type="Cuba"]/long/standard		Cuba Standard Time	Cuba Standard Time	heure normale de Cuba	heure normale de Cuba	Moderate				5
Translations	Timezones	Antarctica	metazone	Davis		standard	0	//ldml/dates/timeZoneNames/metazone[@type="Davis"]/long/standard		Davis Time	Davis Time	heure de Davis	heure de Davis	Moderate				5
Translations	Timezones	Antarctica	metazone	DumontDUrville		standard	0	//ldml/dates/timeZoneNames/metazone[@type="DumontDUrville"]/long/standard		Dumont-d’Urville Time	Dumont-d’Urville Time	heure de Dumont-d’Urville	heure de Dumont-d’Urville	Moderate				5
Translations	Timezones	SoutheastAsia	metazone	East_Timor		standard	0	//ldml/dates/timeZoneNames/metazone[@type="East_Timor"]/long/standard		East Timor Time	East Timor Time	heure du Timor oriental	heure du Timor oriental	Moderate				5
Translations	Timezones	SouthAmerica	metazone	Easter		daylight	0	//ldml/dates/timeZoneNames/metazone[@type="Easter"]/long/daylight		Easter Island Summer Time	Easter Island Summer Time	heure d’été de l’île de Pâques	heure d’été de l’île de Pâques	Moderate				5
Translations	Timezones	SouthAmerica	metazone	Easter		generic	0	//ldml/dates/timeZoneNames/metazone[@type="Easter"]/long/generic		Easter Island Time	Easter Island Time	heure de l’île de Pâques	heure de l’île de Pâques	Moderate				5
Translations	Timezones	SouthAmerica	metazone	Easter		standard	0	//ldml/dates/timeZoneNames/metazone[@type="Easter"]/long/standard		Easter Island Standard Time	Easter Island Standard Time	heure normale de l’île de Pâques	heure normale de l’île de Pâques	Moderate				5
Translations	Timezones	SouthAmerica	metazone	Ecuador		standard	0	//ldml/dates/timeZoneNames/metazone[@type="Ecuador"]/long/standard		Ecuador Time	Ecuador Time	heure de l’Équateur	heure de l’Équateur	Moderate				5
Translations	Timezones	Europe	metazone	Europe_Central		daylight	0	//ldml/dates/timeZoneNames/metazone[@type="Europe_Central"]/long/daylight		Central European Summer Time	Central European Summer Time	heure d’été d’Europe centrale	heure d’été d’Europe centrale	Moderate				5
Translations	Timezones	Europe	metazone	Europe_Central		generic	0	//ldml/dates/timeZoneNames/metazone[@type="Europe_Central"]/long/generic		Central European Time	Central European Time	heure d’Europe centrale	heure d’Europe centrale	Moderate				5
Translations	Timezones	Europe	metazone	Europe_Central		standard	0	//ldml/dates/timeZoneNames/metazone[@type="Europe_Central"]/long/standard		Central European Standard Time	Central European Standard Time	heure normale d’Europe centrale	heure normale d’Europe centrale	Moderate				5
Translations	Timezones	Europe	metazone	Europe_Eastern		daylight	0	//ldml/dates/timeZoneNames/metazone[@type="Europe_Eastern"]/long/daylight		Eastern European Summer Time	Eastern European Summer Time	heure d’été d’Europe de l’Est	heure d’été d’Europe de l’Est	Moderate				5
Translations	Timezones	Europe	metazone	Europe_Eastern		generic	0	//ldml/dates/timeZoneNames/metazone[@type="Europe_Eastern"]/long/generic		Eastern European Time	Eastern European Time	heure d’Europe de l’Est	heure d’Europe de l’Est	Moderate				5
Translations	Timezones	Europe	metazone	Europe_Eastern		standard	0	//ldml/dates/timeZoneNames/metazone[@type="Europe_Eastern"]/long/standard		Eastern European Standard Time	Eastern European Standard Time	heure normale d’Europe de l’Est	heure normale d’Europe de l’Est	Moderate				5
Translations	Timezones	Europe	metazone	Europe_Further_Eastern		standard	0	//ldml/dates/timeZoneNames/metazone[@type="Europe_Further_Eastern"]/long/standard		Further-eastern European Time	Further-eastern European Time	heure de Kaliningrad	heure de Kaliningrad	Moderate				5
Translations	Timezones	Europe	metazone	Europe_Western		daylight	0	//ldml/dates/timeZoneNames/metazone[@type="Europe_Western"]/long/daylight		Western European Summer Time	Western European Summer Time	heure d’été d’Europe de l’Ouest	heure d’été d’Europe de l’Ouest	Moderate				5
Translations	Timezones	Europe	metazone	Europe_Western		generic	0	//ldml/dates/timeZoneNames/metazone[@type="Europe_Western"]/long/generic		Western European Time	Western European Time	heure d’Europe de l’Ouest	heure d’Europe de l’Ouest	Moderate				5
Translations	Timezones	Europe	metazone	Europe_Western		standard	0	//ldml/dates/timeZoneNames/metazone[@type="Europe_Western"]/long/standard		Western European Standard Time	Western European Standard Time	heure normale d’Europe de l’Ouest	heure normale d’Europe de l’Ouest	Moderate				5
Translations	Timezones	SouthAmerica	metazone	Falkland		daylight	0	//ldml/dates/timeZoneNames/metazone[@type="Falkland"]/long/daylight		Falkland Islands Summer Time	Falkland Islands Summer Time	heure d’été des îles Malouines	heure d’été des îles Malouines	Moderate				5
Translations	Timezones	SouthAmerica	metazone	Falkland		generic	0	//ldml/dates/timeZoneNames/metazone[@type="Falkland"]/long/generic		Falkland Islands Time	Falkland Islands Time	heure des îles Malouines	heure des îles Malouines	Moderate				5
Translations	Timezones	SouthAmerica	metazone	Falkland		standard	0	//ldml/dates/timeZoneNames/metazone[@type="Falkland"]/long/standard		Falkland Islands Standard Time	Falkland Islands Standard Time	heure normale des îles Malouines	heure normale des îles Malouines	Moderate				5
Translations	Timezones	Oceania	metazone	Fiji		daylight	0	//ldml/dates/timeZoneNames/metazone[@type="Fiji"]/long/daylight		Fiji Summer Time	Fiji Summer Time	heure d’été des îles Fidji	heure d’été des îles Fidji	Moderate				5
Translations	Timezones	Oceania	metazone	Fiji		generic	0	//ldml/dates/timeZoneNames/metazone[@type="Fiji"]/long/generic		Fiji Time	Fiji Time	heure des îles Fidji	heure des îles Fidji	Moderate				5
Translations	Timezones	Oceania	metazone	Fiji		standard	0	//ldml/dates/timeZoneNames/metazone[@type="Fiji"]/long/standard		Fiji Standard Time	Fiji Standard Time	heure normale des îles Fidji	heure normale des îles Fidji	Moderate				5
Translations	Timezones	SouthAmerica	metazone	French_Guiana		standard	0	//ldml/dates/timeZoneNames/metazone[@type="French_Guiana"]/long/standard		French Guiana Time	French Guiana Time	heure de la Guyane française	heure de la Guyane française	Moderate				5
Translations	Timezones	Africa	metazone	French_Southern		standard	0	//ldml/dates/timeZoneNames/metazone[@type="French_Southern"]/long/standard		French Southern & Antarctic Time	French Southern & Antarctic Time	heure des Terres australes et antarctiques françaises	heure des Terres australes et antarctiques françaises	Moderate				5
Translations	Timezones	SouthAmerica	metazone	Galapagos		standard	0	//ldml/dates/timeZoneNames/metazone[@type="Galapagos"]/long/standard		Galapagos Time	Galapagos Time	heure des îles Galápagos	heure des îles Galápagos	Moderate				5
Translations	Timezones	Oceania	metazone	Gambier		standard	0	//ldml/dates/timeZoneNames/metazone[@type="Gambier"]/long/standard		Gambier Time	Gambier Time	heure des îles Gambier	heure des îles Gambier	Moderate				5
Translations	Timezones	WesternAsia	metazone	Georgia		daylight	0	//ldml/dates/timeZoneNames/metazone[@type="Georgia"]/long/daylight		Georgia Summer Time	Georgia Summer Time	heure d’été de Géorgie	heure d’été de Géorgie	Moderate				5
Translations	Timezones	WesternAsia	metazone	Georgia		generic	0	//ldml/dates/timeZoneNames/metazone[@type="Georgia"]/long/generic		Georgia Time	Georgia Time	heure de la Géorgie	heure de la Géorgie	Moderate				5
Translations	Timezones	WesternAsia	metazone	Georgia		standard	0	//ldml/dates/timeZoneNames/metazone[@type="Georgia"]/long/standard		Georgia Standard Time	Georgia Standard Time	heure normale de la Géorgie	heure normale de la Géorgie	Moderate				5
Translations	Timezones	Oceania	metazone	Gilbert_Islands		standard	0	//ldml/dates/timeZoneNames/metazone[@type="Gilbert_Islands"]/long/standard		Gilbert Islands Time	Gilbert Islands Time	heure des îles Gilbert	heure des îles Gilbert	Moderate				5
Translations	Timezones	Other	metazone	GMT		standard	0	//ldml/dates/timeZoneNames/metazone[@type="GMT"]/long/standard		Greenwich Mean Time	Greenwich Mean Time	heure moyenne de Greenwich	heure moyenne de Greenwich	Basic				5
Translations	Timezones	NorthAmerica	metazone	Greenland_Eastern		daylight	0	//ldml/dates/timeZoneNames/metazone[@type="Greenland_Eastern"]/long/daylight		East Greenland Summer Time	East Greenland Summer Time	heure d’été de l’Est du Groenland	heure d’été de l’Est du Groenland	Moderate				5
Translations	Timezones	NorthAmerica	metazone	Greenland_Eastern		generic	0	//ldml/dates/timeZoneNames/metazone[@type="Greenland_Eastern"]/long/generic		East Greenland Time	East Greenland Time	heure de l’Est du Groenland	heure de l’Est du Groenland	Moderate				5
Translations	Timezones	NorthAmerica	metazone	Greenland_Eastern		standard	0	//ldml/dates/timeZoneNames/metazone[@type="Greenland_Eastern"]/long/standard		East Greenland Standard Time	East Greenland Standard Time	heure normale de l’Est du Groenland	heure normale de l’Est du Groenland	Moderate				5
Translations	Timezones	NorthAmerica	metazone	Greenland_Western		daylight	0	//ldml/dates/timeZoneNames/metazone[@type="Greenland_Western"]/long/daylight		West Greenland Summer Time	West Greenland Summer Time	heure d’été de l’Ouest du Groenland	heure d’été de l’Ouest du Groenland	Moderate				5
Translations	Timezones	NorthAmerica	metazone	Greenland_Western		generic	0	//ldml/dates/timeZoneNames/metazone[@type="Greenland_Western"]/long/generic		West Greenland Time	West Greenland Time	heure de l’Ouest du Groenland	heure de l’Ouest du Groenland	Moderate				5
Translations	Timezones	NorthAmerica	metazone	Greenland_Western		standard	0	//ldml/dates/timeZoneNames/metazone[@type="Greenland_Western"]/long/standard		West Greenland Standard Time	West Greenland Standard Time	heure normale de l’Ouest du Groenland	heure normale de l’Ouest du Groenland	Moderate				5
Translations	Timezones	WesternAsia	metazone	Gulf		standard	0	//ldml/dates/timeZoneNames/metazone[@type="Gulf"]/long/standard		Gulf Standard Time	Gulf Standard Time	heure du Golfe	heure du Golfe	Moderate				5
Translations	Timezones	SouthAmerica	metazone	Guyana		standard	0	//ldml/dates/timeZoneNames/metazone[@type="Guyana"]/long/standard		Guyana Time	Guyana Time	heure du Guyana	heure du Guyana	Moderate				5
Translations	Timezones	NorthAmerica	metazone	Hawaii_Aleutian		daylight	0	//ldml/dates/timeZoneNames/metazone[@type="Hawaii_Aleutian"]/long/daylight		Hawaii-Aleutian Daylight Time	Hawaii-Aleutian Daylight Time	heure d’été d’Hawaï - Aléoutiennes	heure d’été d’Hawaï - Aléoutiennes	Moderate				5
Translations	Timezones	NorthAmerica	metazone	Hawaii_Aleutian		generic	0	//ldml/dates/timeZoneNames/metazone[@type="Hawaii_Aleutian"]/long/generic		Hawaii-Aleutian Time	Hawaii-Aleutian Time	heure d’Hawaï - Aléoutiennes	heure d’Hawaï - Aléoutiennes	Moderate				5
Translations	Timezones	NorthAmerica	metazone	Hawaii_Aleutian		standard	0	//ldml/dates/timeZoneNames/metazone[@type="Hawaii_Aleutian"]/long/standard		Hawaii-Aleutian Standard Time	Hawaii-Aleutian Standard Time	heure normale d’Hawaï - Aléoutiennes	heure normale d’Hawaï - Aléoutiennes	Moderate				5
Translations	Timezones	EasternAsia	metazone	Hong_Kong		daylight	0	//ldml/dates/timeZoneNames/metazone[@type="Hong_Kong"]/long/daylight		Hong Kong Summer Time	Hong Kong Summer Time	heure d’été de Hong Kong	heure d’été de Hong Kong	Moderate				5
Translations	Timezones	EasternAsia	metazone	Hong_Kong		generic	0	//ldml/dates/timeZoneNames/metazone[@type="Hong_Kong"]/long/generic		Hong Kong Time	Hong Kong Time	heure de Hong Kong	heure de Hong Kong	Moderate				5
Translations	Timezones	EasternAsia	metazone	Hong_Kong		standard	0	//ldml/dates/timeZoneNames/metazone[@type="Hong_Kong"]/long/standard		Hong Kong Standard Time	Hong Kong Standard Time	heure normale de Hong Kong	heure normale de Hong Kong	Moderate				5
Translations	Timezones	EasternAsia	metazone	Hovd		daylight	0	//ldml/dates/timeZoneNames/metazone[@type="Hovd"]/long/daylight		Hovd Summer Time	Hovd Summer Time	heure d’été de Hovd	heure d’été de Hovd	Moderate				5
Translations	Timezones	EasternAsia	metazone	Hovd		generic	0	//ldml/dates/timeZoneNames/metazone[@type="Hovd"]/long/generic		Hovd Time	Hovd Time	heure de Hovd	heure de Hovd	Moderate				5
Translations	Timezones	EasternAsia	metazone	Hovd		standard	0	//ldml/dates/timeZoneNames/metazone[@type="Hovd"]/long/standard		Hovd Standard Time	Hovd Standard Time	heure normale de Hovd	heure normale de Hovd	Moderate				5
Translations	Timezones	SouthernAsia	metazone	India		standard	0	//ldml/dates/timeZoneNames/metazone[@type="India"]/long/standard		India Standard Time	India Standard Time	heure de l’Inde	heure de l’Inde	Moderate				5
Translations	Timezones	Africa	metazone	Indian_Ocean		standard	0	//ldml/dates/timeZoneNames/metazone[@type="Indian_Ocean"]/long/standard		Indian Ocean Time	Indian Ocean Time	heure de l’Océan Indien	heure de l’Océan Indien	Moderate				5
Translations	Timezones	SoutheastAsia	metazone	Indochina		standard	0	//ldml/dates/timeZoneNames/metazone[@type="Indochina"]/long/standard		Indochina Time	Indochina Time	heure d’Indochine	heure d’Indochine	Moderate				5
Translations	Timezones	SoutheastAsia	metazone	Indonesia_Central		standard	0	//ldml/dates/timeZoneNames/metazone[@type="Indonesia_Central"]/long/standard		Central Indonesia Time	Central Indonesia Time	heure du Centre indonésien	heure du Centre indonésien	Moderate				5
Translations	Timezones	SoutheastAsia	metazone	Indonesia_Eastern		standard	0	//ldml/dates/timeZoneNames/metazone[@type="Indonesia_Eastern"]/long/standard		Eastern Indonesia Time	Eastern Indonesia Time	heure de l’Est indonésien	heure de l’Est indonésien	Moderate				5
Translations	Timezones	SoutheastAsia	metazone	Indonesia_Western		standard	0	//ldml/dates/timeZoneNames/metazone[@type="Indonesia_Western"]/long/standard		Western Indonesia Time	Western Indonesia Time	heure de l’Ouest indonésien	heure de l’Ouest indonésien	Moderate				5
Translations	Timezones	SouthernAsia	metazone	Iran		daylight	0	//ldml/dates/timeZoneNames/metazone[@type="Iran"]/long/daylight		Iran Daylight Time	Iran Daylight Time	heure d’été d’Iran	heure d’été d’Iran	Moderate				5
Translations	Timezones	SouthernAsia	metazone	Iran		generic	0	//ldml/dates/timeZoneNames/metazone[@type="Iran"]/long/generic		Iran Time	Iran Time	heure de l’Iran	heure de l’Iran	Moderate				5
Translations	Timezones	SouthernAsia	metazone	Iran		standard	0	//ldml/dates/timeZoneNames/metazone[@type="Iran"]/long/standard		Iran Standard Time	Iran Standard Time	heure normale d’Iran	heure normale d’Iran	Moderate				5
Translations	Timezones	Russia	metazone	Irkutsk		daylight	0	//ldml/dates/timeZoneNames/metazone[@type="Irkutsk"]/long/daylight		Irkutsk Summer Time	Irkutsk Summer Time	heure d’été d’Irkoutsk	heure d’été d’Irkoutsk	Moderate				5
Translations	Timezones	Russia	metazone	Irkutsk		generic	0	//ldml/dates/timeZoneNames/metazone[@type="Irkutsk"]/long/generic		Irkutsk Time	Irkutsk Time	heure d’Irkoutsk	heure d’Irkoutsk	Moderate				5
Translations	Timezones	Russia	metazone	Irkutsk		standard	0	//ldml/dates/timeZoneNames/metazone[@type="Irkutsk"]/long/standard		Irkutsk Standard Time	Irkutsk Standard Time	heure normale d’Irkoutsk	heure normale d’Irkoutsk	Moderate				5
Translations	Timezones	WesternAsia	metazone	Israel		daylight	0	//ldml/dates/timeZoneNames/metazone[@type="Israel"]/long/daylight		Israel Daylight Time	Israel Daylight Time	heure d’été d’Israël	heure d’été d’Israël	Moderate				5
Translations	Timezones	WesternAsia	metazone	Israel		generic	0	//ldml/dates/timeZoneNames/metazone[@type="Israel"]/long/generic		Israel Time	Israel Time	heure d’Israël	heure d’Israël	Moderate				5
Translations	Timezones	WesternAsia	metazone	Israel		standard	0	//ldml/dates/timeZoneNames/metazone[@type="Israel"]/long/standard		Israel Standard Time	Israel Standard Time	heure normale d’Israël	heure normale d’Israël	Moderate				5
Translations	Timezones	EasternAsia	metazone	Japan		daylight	0	//ldml/dates/timeZoneNames/metazone[@type="Japan"]/long/daylight		Japan Daylight Time	Japan Daylight Time	heure d’été du Japon	heure d’été du Japon	Moderate				5
Translations	Timezones	EasternAsia	metazone	Japan		generic	0	//ldml/dates/timeZoneNames/metazone[@type="Japan"]/long/generic		Japan Time	Japan Time	heure du Japon	heure du Japon	Moderate				5
Translations	Timezones	EasternAsia	metazone	Japan		standard	0	//ldml/dates/timeZoneNames/metazone[@type="Japan"]/long/standard		Japan Standard Time	Japan Standard Time	heure normale du Japon	heure normale du Japon	Moderate				5
Translations	Timezones	CentralAsia	metazone	Kazakhstan		standard	0	//ldml/dates/timeZoneNames/metazone[@type="Kazakhstan"]/long/standard		Kazakhstan Time	Kazakhstan Time	heure du Kazakhstan	heure du Kazakhstan	Moderate				5
Translations	Timezones	CentralAsia	metazone	Kazakhstan_Eastern		standard	0	//ldml/dates/timeZoneNames/metazone[@type="Kazakhstan_Eastern"]/long/standard		East Kazakhstan Time	East Kazakhstan Time	heure de l’Est du Kazakhstan	heure de l’Est du Kazakhstan	Moderate				5
Translations	Timezones	CentralAsia	metazone	Kazakhstan_Western		standard	0	//ldml/dates/timeZoneNames/metazone[@type="Kazakhstan_Western"]/long/standard		West Kazakhstan Time	West Kazakhstan Time	heure de l’Ouest du Kazakhstan	heure de l’Ouest du Kazakhstan	Moderate				5
Translations	Timezones	EasternAsia	metazone	Korea		daylight	0	//ldml/dates/timeZoneNames/metazone[@type="Korea"]/long/daylight		Korean Daylight Time	Korean Daylight Time	heure d’été de Corée	heure d’été de Corée	Moderate				5
Translations	Timezones	EasternAsia	metazone	Korea		generic	0	//ldml/dates/timeZoneNames/metazone[@type="Korea"]/long/generic		Korean Time	Korean Time	heure de la Corée	heure de la Corée	Moderate				5
Translations	Timezones	EasternAsia	metazone	Korea		standard	0	//ldml/dates/timeZoneNames/metazone[@type="Korea"]/long/standard		Korean Standard Time	Korean Standard Time	heure normale de la Corée	heure normale de la Corée	Moderate				5
Translations	Timezones	Oceania	metazone	Kosrae		standard	0	//ldml/dates/timeZoneNames/metazone[@type="Kosrae"]/long/standard		Kosrae Time	Kosrae Time	heure de Kosrae	heure de Kosrae	Moderate				5
Translations	Timezones	Russia	metazone	Krasnoyarsk		daylight	0	//ldml/dates/timeZoneNames/metazone[@type="Krasnoyarsk"]/long/daylight		Krasnoyarsk Summer Time	Krasnoyarsk Summer Time	heure d’été de Krasnoïarsk	heure d’été de Krasnoïarsk	Moderate				5
Translations	Timezones	Russia	metazone	Krasnoyarsk		generic	0	//ldml/dates/timeZoneNames/metazone[@type="Krasnoyarsk"]/long/generic		Krasnoyarsk Time	Krasnoyarsk Time	heure de Krasnoïarsk	heure de Krasnoïarsk	Moderate				5
Translations	Timezones	Russia	metazone	Krasnoyarsk		standard	0	//ldml/dates/timeZoneNames/metazone[@type="Krasnoyarsk"]/long/standard		Krasnoyarsk Standard Time	Krasnoyarsk Standard Time	heure normale de Krasnoïarsk	heure normale de Krasnoïarsk	Moderate				5
Translations	Timezones	CentralAsia	metazone	Kyrgystan		standard	0	//ldml/dates/timeZoneNames/metazone[@type="Kyrgystan"]/long/standard		Kyrgyzstan Time	Kyrgyzstan Time	heure du Kirghizistan	heure du Kirghizistan	Moderate				5
Translations	Timezones	Oceania	metazone	Line_Islands		standard	0	//ldml/dates/timeZoneNames/metazone[@type="Line_Islands"]/long/standard		Line Islands Time	Line Islands Time	heure des îles de la Ligne	heure des îles de la Ligne	Moderate				5
Translations	Timezones	Australasia	metazone	Lord_Howe		daylight	0	//ldml/dates/timeZoneNames/metazone[@type="Lord_Howe"]/long/daylight		Lord Howe Daylight Time	Lord Howe Daylight Time	heure d’été de Lord Howe	heure d’été de Lord Howe	Moderate				5
Translations	Timezones	Australasia	metazone	Lord_Howe		generic	0	//ldml/dates/timeZoneNames/metazone[@type="Lord_Howe"]/long/generic		Lord Howe Time	Lord Howe Time	heure de Lord Howe	heure de Lord Howe	Moderate				5
Translations	Timezones	Australasia	metazone	Lord_Howe		standard	0	//ldml/dates/timeZoneNames/metazone[@type="Lord_Howe"]/long/standard		Lord Howe Standard Time	Lord Howe Standard Time	heure normale de Lord Howe	heure normale de Lord Howe	Moderate				5
Translations	Timezones	Russia	metazone	Magadan		daylight	0	//ldml/dates/timeZoneNames/metazone[@type="Magadan"]/long/daylight		Magadan Summer Time	Magadan Summer Time	heure d’été de Magadan	heure d’été de Magadan	Moderate				5
Translations	Timezones	Russia	metazone	Magadan		generic	0	//ldml/dates/timeZoneNames/metazone[@type="Magadan"]/long/generic		Magadan Time	Magadan Time	heure de Magadan	heure de Magadan	Moderate				5
Translations	Timezones	Russia	metazone	Magadan		standard	0	//ldml/dates/timeZoneNames/metazone[@type="Magadan"]/long/standard		Magadan Standard Time	Magadan Standard Time	heure normale de Magadan	heure normale de Magadan	Moderate				5
Translations	Timezones	SoutheastAsia	metazone	Malaysia		standard	0	//ldml/dates/timeZoneNames/metazone[@type="Malaysia"]/long/standard		Malaysia Time	Malaysia Time	heure de la Malaisie	heure de la Malaisie	Moderate				5
Translations	Timezones	SouthernAsia	metazone	Maldives		standard	0	//ldml/dates/timeZoneNames/metazone[@type="Maldives"]/long/standard		Maldives Time	Maldives Time	heure des Maldives	heure des Maldives	Moderate				5
Translations	Timezones	Oceania	metazone	Marquesas		standard	0	//ldml/dates/timeZoneNames/metazone[@type="Marquesas"]/long/standard		Marquesas Time	Marquesas Time	heure des îles Marquises	heure des îles Marquises	Moderate				5
Translations	Timezones	Oceania	metazone	Marshall_Islands		standard	0	//ldml/dates/timeZoneNames/metazone[@type="Marshall_Islands"]/long/standard		Marshall Islands Time	Marshall Islands Time	heure des îles Marshall	heure des îles Marshall	Moderate				5
Translations	Timezones	Africa	metazone	Mauritius		daylight	0	//ldml/dates/timeZoneNames/metazone[@type="Mauritius"]/long/daylight		Mauritius Summer Time	Mauritius Summer Time	heure d’été de Maurice	heure d’été de Maurice	Moderate				5
Translations	Timezones	Africa	metazone	Mauritius		generic	0	//ldml/dates/timeZoneNames/metazone[@type="Mauritius"]/long/generic		Mauritius Time	Mauritius Time	heure de Maurice	heure de Maurice	Moderate				5
Translations	Timezones	Africa	metazone	Mauritius		standard	0	//ldml/dates/timeZoneNames/metazone[@type="Mauritius"]/long/standard		Mauritius Standard Time	Mauritius Standard Time	heure normale de Maurice	heure normale de Maurice	Moderate				5
Translations	Timezones	Antarctica	metazone	Mawson		standard	0	//ldml/dates/timeZoneNames/metazone[@type="Mawson"]/long/standard		Mawson Time	Mawson Time	heure de Mawson	heure de Mawson	Moderate				5
Translations	Timezones	NorthAmerica	metazone	Mexico_Pacific		daylight	0	//ldml/dates/timeZoneNames/metazone[@type="Mexico_Pacific"]/long/daylight		Mexican Pacific Daylight Time	Mexican Pacific Daylight Time	heure d’été du Pacifique mexicain	heure d’été du Pacifique mexicain	Moderate				5
Translations	Timezones	NorthAmerica	metazone	Mexico_Pacific		generic	0	//ldml/dates/timeZoneNames/metazone[@type="Mexico_Pacific"]/long/generic		Mexican Pacific Time	Mexican Pacific Time	heure du Pacifique mexicain	heure du Pacifique mexicain	Moderate				5
Translations	Timezones	NorthAmerica	metazone	Mexico_Pacific		standard	0	//ldml/dates/timeZoneNames/metazone[@type="Mexico_Pacific"]/long/standard		Mexican Pacific Standard Time	Mexican Pacific Standard Time	heure normale du Pacifique mexicain	heure normale du Pacifique mexicain	Moderate				5
Translations	Timezones	EasternAsia	metazone	Mongolia		daylight	0	//ldml/dates/timeZoneNames/metazone[@type="Mongolia"]/long/daylight		Ulaanbaatar Summer Time	Ulaanbaatar Summer Time	heure d’été d’Oulan-Bator	heure d’été d’Oulan-Bator	Moderate				5
Translations	Timezones	EasternAsia	metazone	Mongolia		generic	0	//ldml/dates/timeZoneNames/metazone[@type="Mongolia"]/long/generic		Ulaanbaatar Time	Ulaanbaatar Time	heure d’Oulan-Bator	heure d’Oulan-Bator	Moderate				5
Translations	Timezones	EasternAsia	metazone	Mongolia		standard	0	//ldml/dates/timeZoneNames/metazone[@type="Mongolia"]/long/standard		Ulaanbaatar Standard Time	Ulaanbaatar Standard Time	heure normale d’Oulan-Bator	heure normale d’Oulan-Bator	Moderate				5
Translations	Timezones	Russia	metazone	Moscow		daylight	0	//ldml/dates/timeZoneNames/metazone[@type="Moscow"]/long/daylight		Moscow Summer Time	Moscow Summer Time	heure d’été de Moscou	heure d’été de Moscou	Moderate				5
Translations	Timezones	Russia	metazone	Moscow		generic	0	//ldml/dates/timeZoneNames/metazone[@type="Moscow"]/long/generic		Moscow Time	Moscow Time	heure de Moscou	heure de Moscou	Moderate				5
Translations	Timezones	Russia	metazone	Moscow		standard	0	//ldml/dates/timeZoneNames/metazone[@type="Moscow"]/long/standard		Moscow Standard Time	Moscow Standard Time	heure normale de Moscou	heure normale de Moscou	Moderate				5
Translations	Timezones	SoutheastAsia	metazone	Myanmar		standard	0	//ldml/dates/timeZoneNames/metazone[@type="Myanmar"]/long/standard		Myanmar Time	Myanmar Time	heure du Myanmar	heure du Myanmar	Moderate				5
Translations	Timezones	Oceania	metazone	Nauru		standard	0	//ldml/dates/timeZoneNames/metazone[@type="Nauru"]/long/standard		Nauru Time	Nauru Time	heure de Nauru	heure de Nauru	Moderate				5
Translations	Timezones	SouthernAsia	metazone	Nepal		standard	0	//ldml/dates/timeZoneNames/metazone[@type="Nepal"]/long/standard		Nepal Time	Nepal Time	heure du Népal	heure du Népal	Moderate				5
Translations	Timezones	Oceania	metazone	New_Caledonia		daylight	0	//ldml/dates/timeZoneNames/metazone[@type="New_Caledonia"]/long/daylight		New Caledonia Summer Time	New Caledonia Summer Time	heure d’été de Nouvelle-Calédonie	heure d’été de Nouvelle-Calédonie	Moderate				5
Translations	Timezones	Oceania	metazone	New_Caledonia		generic	0	//ldml/dates/timeZoneNames/metazone[@type="New_Caledonia"]/long/generic		New Caledonia Time	New Caledonia Time	heure de la Nouvelle-Calédonie	heure de la Nouvelle-Calédonie	Moderate				5
Translations	Timezones	Oceania	metazone	New_Caledonia		standard	0	//ldml/dates/timeZoneNames/metazone[@type="New_Caledonia"]/long/standard		New Caledonia Standard Time	New Caledonia Standard Time	heure normale de la Nouvelle-Calédonie	heure normale de la Nouvelle-Calédonie	Moderate				5
Translations	Timezones	Australasia	metazone	New_Zealand		daylight	0	//ldml/dates/timeZoneNames/metazone[@type="New_Zealand"]/long/daylight		New Zealand Daylight Time	New Zealand Daylight Time	heure d’été de la Nouvelle-Zélande	heure d’été de la Nouvelle-Zélande	Moderate				5
Translations	Timezones	Australasia	metazone	New_Zealand		generic	0	//ldml/dates/timeZoneNames/metazone[@type="New_Zealand"]/long/generic		New Zealand Time	New Zealand Time	heure de la Nouvelle-Zélande	heure de la Nouvelle-Zélande	Moderate				5
Translations	Timezones	Australasia	metazone	New_Zealand		standard	0	//ldml/dates/timeZoneNames/metazone[@type="New_Zealand"]/long/standard		New Zealand Standard Time	New Zealand Standard Time	heure normale de la Nouvelle-Zélande	heure normale de la Nouvelle-Zélande	Moderate				5
Translations	Timezones	NorthAmerica	metazone	Newfoundland		daylight	0	//ldml/dates/timeZoneNames/metazone[@type="Newfoundland"]/long/daylight		Newfoundland Daylight Time	Newfoundland Daylight Time	heure d’été de Terre-Neuve	heure d’été de Terre-Neuve	Moderate				5
Translations	Timezones	NorthAmerica	metazone	Newfoundland		generic	0	//ldml/dates/timeZoneNames/metazone[@type="Newfoundland"]/long/generic		Newfoundland Time	Newfoundland Time	heure de Terre-Neuve	heure de Terre-Neuve	Moderate				5
Translations	Timezones	NorthAmerica	metazone	Newfoundland		standard	0	//ldml/dates/timeZoneNames/metazone[@type="Newfoundland"]/long/standard		Newfoundland Standard Time	Newfoundland Standard Time	heure normale de Terre-Neuve	heure normale de Terre-Neuve	Moderate				5
Translations	Timezones	Oceania	metazone	Niue		standard	0	//ldml/dates/timeZoneNames/metazone[@type="Niue"]/long/standard		Niue Time	Niue Time	heure de Niue	heure de Niue	Moderate				5
Translations	Timezones	Australasia	metazone	Norfolk		daylight	0	//ldml/dates/timeZoneNames/metazone[@type="Norfolk"]/long/daylight		Norfolk Island Daylight Time	Norfolk Island Daylight Time	heure d’été de l’île Norfolk	heure d’été de l’île Norfolk	Moderate				5
Translations	Timezones	Australasia	metazone	Norfolk		generic	0	//ldml/dates/timeZoneNames/metazone[@type="Norfolk"]/long/generic		Norfolk Island Time	Norfolk Island Time	heure de l’île Norfolk	heure de l’île Norfolk	Moderate				5
Translations	Timezones	Australasia	metazone	Norfolk		standard	0	//ldml/dates/timeZoneNames/metazone[@type="Norfolk"]/long/standard		Norfolk Island Standard Time	Norfolk Island Standard Time	heure normale de l’île Norfolk	heure normale de l’île Norfolk	Moderate				5
Translations	Timezones	SouthAmerica	metazone	Noronha		daylight	0	//ldml/dates/timeZoneNames/metazone[@type="Noronha"]/long/daylight		Fernando de Noronha Summer Time	Fernando de Noronha Summer Time	heure d’été de Fernando de Noronha	heure d’été de Fernando de Noronha	Moderate				5
Translations	Timezones	SouthAmerica	metazone	Noronha		generic	0	//ldml/dates/timeZoneNames/metazone[@type="Noronha"]/long/generic		Fernando de Noronha Time	Fernando de Noronha Time	heure de Fernando de Noronha	heure de Fernando de Noronha	Moderate				5
Translations	Timezones	SouthAmerica	metazone	Noronha		standard	0	//ldml/dates/timeZoneNames/metazone[@type="Noronha"]/long/standard		Fernando de Noronha Standard Time	Fernando de Noronha Standard Time	heure normale de Fernando de Noronha	heure normale de Fernando de Noronha	Moderate				5
Translations	Timezones	Russia	metazone	Novosibirsk		daylight	0	//ldml/dates/timeZoneNames/metazone[@type="Novosibirsk"]/long/daylight		Novosibirsk Summer Time	Novosibirsk Summer Time	heure d’été de Novossibirsk	heure d’été de Novossibirsk	Moderate				5
Translations	Timezones	Russia	metazone	Novosibirsk		generic	0	//ldml/dates/timeZoneNames/metazone[@type="Novosibirsk"]/long/generic		Novosibirsk Time	Novosibirsk Time	heure de Novossibirsk	heure de Novossibirsk	Moderate				5
Translations	Timezones	Russia	metazone	Novosibirsk		standard	0	//ldml/dates/timeZoneNames/metazone[@type="Novosibirsk"]/long/standard		Novosibirsk Standard Time	Novosibirsk Standard Time	heure normale de Novossibirsk	heure normale de Novossibirsk	Moderate				5
Translations	Timezones	Russia	metazone	Omsk		daylight	0	//ldml/dates/timeZoneNames/metazone[@type="Omsk"]/long/daylight		Omsk Summer Time	Omsk Summer Time	heure d’été de Omsk	heure d’été de Omsk	Moderate				5
Translations	Timezones	Russia	metazone	Omsk		generic	0	//ldml/dates/timeZoneNames/metazone[@type="Omsk"]/long/generic		Omsk Time	Omsk Time	heure de Omsk	heure de Omsk	Moderate				5
Translations	Timezones	Russia	metazone	Omsk		standard	0	//ldml/dates/timeZoneNames/metazone[@type="Omsk"]/long/standard		Omsk Standard Time	Omsk Standard Time	heure normale de Omsk	heure normale de Omsk	Moderate				5
Translations	Timezones	SouthernAsia	metazone	Pakistan		daylight	0	//ldml/dates/timeZoneNames/metazone[@type="Pakistan"]/long/daylight		Pakistan Summer Time	Pakistan Summer Time	heure d’été du Pakistan	heure d’été du Pakistan	Moderate				5
Translations	Timezones	SouthernAsia	metazone	Pakistan		generic	0	//ldml/dates/timeZoneNames/metazone[@type="Pakistan"]/long/generic		Pakistan Time	Pakistan Time	heure du Pakistan	heure du Pakistan	Moderate				5
Translations	Timezones	SouthernAsia	metazone	Pakistan		standard	0	//ldml/dates/timeZoneNames/metazone[@type="Pakistan"]/long/standard		Pakistan Standard Time	Pakistan Standard Time	heure normale du Pakistan	heure normale du Pakistan	Moderate				5
Translations	Timezones	Oceania	metazone	Palau		standard	0	//ldml/dates/timeZoneNames/metazone[@type="Palau"]/long/standard		Palau Time	Palau Time	heure des Palaos	heure des Palaos	Moderate				5
Translations	Timezones	Oceania	metazone	Papua_New_Guinea		standard	0	//ldml/dates/timeZoneNames/metazone[@type="Papua_New_Guinea"]/long/standard		Papua New Guinea Time	Papua New Guinea Time	heure de la Papouasie-Nouvelle-Guinée	heure de la Papouasie-Nouvelle-Guinée	Moderate				5
Translations	Timezones	SouthAmerica	metazone	Paraguay		daylight	0	//ldml/dates/timeZoneNames/metazone[@type="Paraguay"]/long/daylight		Paraguay Summer Time	Paraguay Summer Time	heure d’été du Paraguay	heure d’été du Paraguay	Moderate				5
Translations	Timezones	SouthAmerica	metazone	Paraguay		generic	0	//ldml/dates/timeZoneNames/metazone[@type="Paraguay"]/long/generic		Paraguay Time	Paraguay Time	heure du Paraguay	heure du Paraguay	Moderate				5
Translations	Timezones	SouthAmerica	metazone	Paraguay		standard	0	//ldml/dates/timeZoneNames/metazone[@type="Paraguay"]/long/standard		Paraguay Standard Time	Paraguay Standard Time	heure normale du Paraguay	heure normale du Paraguay	Moderate				5
Translations	Timezones	SouthAmerica	metazone	Peru		daylight	0	//ldml/dates/timeZoneNames/metazone[@type="Peru"]/long/daylight		Peru Summer Time	Peru Summer Time	heure d’été du Pérou	heure d’été du Pérou	Moderate				5
Translations	Timezones	SouthAmerica	metazone	Peru		generic	0	//ldml/dates/timeZoneNames/metazone[@type="Peru"]/long/generic		Peru Time	Peru Time	heure du Pérou	heure du Pérou	Moderate				5
Translations	Timezones	SouthAmerica	metazone	Peru		standard	0	//ldml/dates/timeZoneNames/metazone[@type="Peru"]/long/standard		Peru Standard Time	Peru Standard Time	heure normale du Pérou	heure normale du Pérou	Moderate				5
Translations	Timezones	SoutheastAsia	metazone	Philippines		daylight	0	//ldml/dates/timeZoneNames/metazone[@type="Philippines"]/long/daylight		Philippine Summer Time	Philippine Summer Time	heure d’été des Philippines	heure d’été des Philippines	Moderate				5
Translations	Timezones	SoutheastAsia	metazone	Philippines		generic	0	//ldml/dates/timeZoneNames/metazone[@type="Philippines"]/long/generic		Philippine Time	Philippine Time	heure des Philippines	heure des Philippines	Moderate				5
Translations	Timezones	SoutheastAsia	metazone	Philippines		standard	0	//ldml/dates/timeZoneNames/metazone[@type="Philippines"]/long/standard		Philippine Standard Time	Philippine Standard Time	heure normale des Philippines	heure normale des Philippines	Moderate				5
Translations	Timezones	Oceania	metazone	Phoenix_Islands		standard	0	//ldml/dates/timeZoneNames/metazone[@type="Phoenix_Islands"]/long/standard		Phoenix Islands Time	Phoenix Islands Time	heure des îles Phoenix	heure des îles Phoenix	Moderate				5
Translations	Timezones	NorthAmerica	metazone	Pierre_Miquelon		daylight	0	//ldml/dates/timeZoneNames/metazone[@type="Pierre_Miquelon"]/long/daylight		St. Pierre & Miquelon Daylight Time	St. Pierre & Miquelon Daylight Time	heure d’été de Saint-Pierre-et-Miquelon	heure d’été de Saint-Pierre-et-Miquelon	Moderate				5
Translations	Timezones	NorthAmerica	metazone	Pierre_Miquelon		generic	0	//ldml/dates/timeZoneNames/metazone[@type="Pierre_Miquelon"]/long/generic		St. Pierre & Miquelon Time	St. Pierre & Miquelon Time	heure de Saint-Pierre-et-Miquelon	heure de Saint-Pierre-et-Miquelon	Moderate				5
Translations	Timezones	NorthAmerica	metazone	Pierre_Miquelon		standard	0	//ldml/dates/timeZoneNames/metazone[@type="Pierre_Miquelon"]/long/standard		St. Pierre & Miquelon Standard Time	St. Pierre & Miquelon Standard Time	heure normale de Saint-Pierre-et-Miquelon	heure normale de Saint-Pierre-et-Miquelon	Moderate				5
Translations	Timezones	Oceania	metazone	Pitcairn		standard	0	//ldml/dates/timeZoneNames/metazone[@type="Pitcairn"]/long/standard		Pitcairn Time	Pitcairn Time	heure des îles Pitcairn	heure des îles Pitcairn	Moderate				5
Translations	Timezones	Oceania	metazone	Ponape		standard	0	//ldml/dates/timeZoneNames/metazone[@type="Ponape"]/long/standard		Ponape Time	Ponape Time	heure de l’île de Pohnpei	heure de l’île de Pohnpei	Moderate				5
Translations	Timezones	EasternAsia	metazone	Pyongyang		standard	0	//ldml/dates/timeZoneNames/metazone[@type="Pyongyang"]/long/standard		Pyongyang Time	Pyongyang Time	heure de Pyongyang	heure de Pyongyang	Moderate				5
Translations	Timezones	Africa	metazone	Reunion		standard	0	//ldml/dates/timeZoneNames/metazone[@type="Reunion"]/long/standard		Réunion Time	Réunion Time	heure de La Réunion	heure de La Réunion	Moderate				5
Translations	Timezones	Antarctica	metazone	Rothera		standard	0	//ldml/dates/timeZoneNames/metazone[@type="Rothera"]/long/standard		Rothera Time	Rothera Time	heure de Rothera	heure de Rothera	Moderate				5
Translations	Timezones	Russia	metazone	Sakhalin		daylight	0	//ldml/dates/timeZoneNames/metazone[@type="Sakhalin"]/long/daylight		Sakhalin Summer Time	Sakhalin Summer Time	heure d’été de Sakhaline	heure d’été de Sakhaline	Moderate				5
Translations	Timezones	Russia	metazone	Sakhalin		generic	0	//ldml/dates/timeZoneNames/metazone[@type="Sakhalin"]/long/generic		Sakhalin Time	Sakhalin Time	heure de Sakhaline	heure de Sakhaline	Moderate				5
Translations	Timezones	Russia	metazone	Sakhalin		standard	0	//ldml/dates/timeZoneNames/metazone[@type="Sakhalin"]/long/standard		Sakhalin Standard Time	Sakhalin Standard Time	heure normale de Sakhaline	heure normale de Sakhaline	Moderate				5
Translations	Timezones	Oceania	metazone	Samoa		daylight	0	//ldml/dates/timeZoneNames/metazone[@type="Samoa"]/long/daylight		Samoa Daylight Time	Samoa Daylight Time	heure d’été des Samoa	heure d’été des Samoa	Moderate				5
Translations	Timezones	Oceania	metazone	Samoa		generic	0	//ldml/dates/timeZoneNames/metazone[@type="Samoa"]/long/generic		Samoa Time	Samoa Time	heure des Samoa	heure des Samoa	Moderate				5
Translations	Timezones	Oceania	metazone	Samoa		standard	0	//ldml/dates/timeZoneNames/metazone[@type="Samoa"]/long/standard		Samoa Standard Time	Samoa Standard Time	heure normale des Samoa	heure normale des Samoa	Moderate				5
Translations	Timezones	Africa	metazone	Seychelles		standard	0	//ldml/dates/timeZoneNames/metazone[@type="Seychelles"]/long/standard		Seychelles Time	Seychelles Time	heure des Seychelles	heure des Seychelles	Moderate				5
Translations	Timezones	SoutheastAsia	metazone	Singapore		standard	0	//ldml/dates/timeZoneNames/metazone[@type="Singapore"]/long/standard		Singapore Standard Time	Singapore Standard Time	heure de Singapour	heure de Singapour	Moderate				5
Translations	Timezones	Oceania	metazone	Solomon		standard	0	//ldml/dates/timeZoneNames/metazone[@type="Solomon"]/long/standard		Solomon Islands Time	Solomon Islands Time	heure des îles Salomon	heure des îles Salomon	Moderate				5
Translations	Timezones	SouthAmerica	metazone	South_Georgia		standard	0	//ldml/dates/timeZoneNames/metazone[@type="South_Georgia"]/long/standard		South Georgia Time	South Georgia Time	heure de Géorgie du Sud	heure de Géorgie du Sud	Moderate				5
Translations	Timezones	SouthAmerica	metazone	Suriname		standard	0	//ldml/dates/timeZoneNames/metazone[@type="Suriname"]/long/standard		Suriname Time	Suriname Time	heure du Suriname	heure du Suriname	Moderate				5
Translations	Timezones	Antarctica	metazone	Syowa		standard	0	//ldml/dates/timeZoneNames/metazone[@type="Syowa"]/long/standard		Syowa Time	Syowa Time	heure de Syowa	heure de Syowa	Moderate				5
Translations	Timezones	Oceania	metazone	Tahiti		standard	0	//ldml/dates/timeZoneNames/metazone[@type="Tahiti"]/long/standard		Tahiti Time	Tahiti Time	heure de Tahiti	heure de Tahiti	Moderate				5
Translations	Timezones	EasternAsia	metazone	Taipei		daylight	0	//ldml/dates/timeZoneNames/metazone[@type="Taipei"]/long/daylight		Taipei Daylight Time	Taipei Daylight Time	heure d’été de Taipei	heure d’été de Taipei	Moderate				5
Translations	Timezones	EasternAsia	metazone	Taipei		generic	0	//ldml/dates/timeZoneNames/metazone[@type="Taipei"]/long/generic		Taipei Time	Taipei Time	heure de Taipei	heure de Taipei	Moderate				5
Translations	Timezones	EasternAsia	metazone	Taipei		standard	0	//ldml/dates/timeZoneNames/metazone[@type="Taipei"]/long/standard		Taipei Standard Time	Taipei Standard Time	heure normale de Taipei	heure normale de Taipei	Moderate				5
Translations	Timezones	CentralAsia	metazone	Tajikistan		standard	0	//ldml/dates/timeZoneNames/metazone[@type="Tajikistan"]/long/standard		Tajikistan Time	Tajikistan Time	heure du Tadjikistan	heure du Tadjikistan	Moderate				5
Translations	Timezones	Oceania	metazone	Tokelau		standard	0	//ldml/dates/timeZoneNames/metazone[@type="Tokelau"]/long/standard		Tokelau Time	Tokelau Time	heure de Tokelau	heure de Tokelau	Moderate				5
Translations	Timezones	Oceania	metazone	Tonga		daylight	0	//ldml/dates/timeZoneNames/metazone[@type="Tonga"]/long/daylight		Tonga Summer Time	Tonga Summer Time	heure d’été de Tonga	heure d’été de Tonga	Moderate				5
Translations	Timezones	Oceania	metazone	Tonga		generic	0	//ldml/dates/timeZoneNames/metazone[@type="Tonga"]/long/generic		Tonga Time	Tonga Time	heure des Tonga	heure des Tonga	Moderate				5
Translations	Timezones	Oceania	metazone	Tonga		standard	0	//ldml/dates/timeZoneNames/metazone[@type="Tonga"]/long/standard		Tonga Standard Time	Tonga Standard Time	heure normale des Tonga	heure normale des Tonga	Moderate				5
Translations	Timezones	Oceania	metazone	Truk		standard	0	//ldml/dates/timeZoneNames/metazone[@type="Truk"]/long/standard		Chuuk Time	Chuuk Time	heure de Chuuk	heure de Chuuk	Moderate				5
Translations	Timezones	CentralAsia	metazone	Turkmenistan		daylight	0	//ldml/dates/timeZoneNames/metazone[@type="Turkmenistan"]/long/daylight		Turkmenistan Summer Time	Turkmenistan Summer Time	heure d’été du Turkménistan	heure d’été du Turkménistan	Moderate				5
Translations	Timezones	CentralAsia	metazone	Turkmenistan		generic	0	//ldml/dates/timeZoneNames/metazone[@type="Turkmenistan"]/long/generic		Turkmenistan Time	Turkmenistan Time	heure du Turkménistan	heure du Turkménistan	Moderate				5
Translations	Timezones	CentralAsia	metazone	Turkmenistan		standard	0	//ldml/dates/timeZoneNames/metazone[@type="Turkmenistan"]/long/standard		Turkmenistan Standard Time	Turkmenistan Standard Time	heure normale du Turkménistan	heure normale du Turkménistan	Moderate				5
Translations	Timezones	Oceania	metazone	Tuvalu		standard	0	//ldml/dates/timeZoneNames/metazone[@type="Tuvalu"]/long/standard		Tuvalu Time	Tuvalu Time	heure des Tuvalu	heure des Tuvalu	Moderate				5
Translations	Timezones	SouthAmerica	metazone	Uruguay		daylight	0	//ldml/dates/timeZoneNames/metazone[@type="Uruguay"]/long/daylight		Uruguay Summer Time	Uruguay Summer Time	heure d’été de l’Uruguay	heure d’été de l’Uruguay	Moderate				5
Translations	Timezones	SouthAmerica	metazone	Uruguay		generic	0	//ldml/dates/timeZoneNames/metazone[@type="Uruguay"]/long/generic		Uruguay Time	Uruguay Time	heure de l’Uruguay	heure de l’Uruguay	Moderate				5
Translations	Timezones	SouthAmerica	metazone	Uruguay		standard	0	//ldml/dates/timeZoneNames/metazone[@type="Uruguay"]/long/standard		Uruguay Standard Time	Uruguay Standard Time	heure normale de l’Uruguay	heure normale de l’Uruguay	Moderate				5
Translations	Timezones	CentralAsia	metazone	Uzbekistan		daylight	0	//ldml/dates/timeZoneNames/metazone[@type="Uzbekistan"]/long/daylight		Uzbekistan Summer Time	Uzbekistan Summer Time	heure d’été de l’Ouzbékistan	heure d’été de l’Ouzbékistan	Moderate				5
Translations	Timezones	CentralAsia	metazone	Uzbekistan		generic	0	//ldml/dates/timeZoneNames/metazone[@type="Uzbekistan"]/long/generic		Uzbekistan Time	Uzbekistan Time	heure de l’Ouzbékistan	heure de l’Ouzbékistan	Moderate				5
Translations	Timezones	CentralAsia	metazone	Uzbekistan		standard	0	//ldml/dates/timeZoneNames/metazone[@type="Uzbekistan"]/long/standard		Uzbekistan Standard Time	Uzbekistan Standard Time	heure normale de l’Ouzbékistan	heure normale de l’Ouzbékistan	Moderate				5
Translations	Timezones	Oceania	metazone	Vanuatu		daylight	0	//ldml/dates/timeZoneNames/metazone[@type="Vanuatu"]/long/daylight		Vanuatu Summer Time	Vanuatu Summer Time	heure d’été de Vanuatu	heure d’été de Vanuatu	Moderate				5
Translations	Timezones	Oceania	metazone	Vanuatu		generic	0	//ldml/dates/timeZoneNames/metazone[@type="Vanuatu"]/long/generic		Vanuatu Time	Vanuatu Time	heure du Vanuatu	heure du Vanuatu	Moderate				5
Translations	Timezones	Oceania	metazone	Vanuatu		standard	0	//ldml/dates/timeZoneNames/metazone[@type="Vanuatu"]/long/standard		Vanuatu Standard Time	Vanuatu Standard Time	heure normale du Vanuatu	heure normale du Vanuatu	Moderate				5
Translations	Timezones	SouthAmerica	metazone	Venezuela		standard	0	//ldml/dates/timeZoneNames/metazone[@type="Venezuela"]/long/standard		Venezuela Time	Venezuela Time	heure du Venezuela	heure du Venezuela	Moderate				5
Translations	Timezones	Russia	metazone	Vladivostok		daylight	0	//ldml/dates/timeZoneNames/metazone[@type="Vladivostok"]/long/daylight		Vladivostok Summer Time	Vladivostok Summer Time	heure d’été de Vladivostok	heure d’été de Vladivostok	Moderate				5
Translations	Timezones	Russia	metazone	Vladivostok		generic	0	//ldml/dates/timeZoneNames/metazone[@type="Vladivostok"]/long/generic		Vladivostok Time	Vladivostok Time	heure de Vladivostok	heure de Vladivostok	Moderate				5
Translations	Timezones	Russia	metazone	Vladivostok		standard	0	//ldml/dates/timeZoneNames/metazone[@type="Vladivostok"]/long/standard		Vladivostok Standard Time	Vladivostok Standard Time	heure normale de Vladivostok	heure normale de Vladivostok	Moderate				5
Translations	Timezones	Russia	metazone	Volgograd		daylight	0	//ldml/dates/timeZoneNames/metazone[@type="Volgograd"]/long/daylight		Volgograd Summer Time	Volgograd Summer Time	heure d’été de Volgograd	heure d’été de Volgograd	Moderate				5
Translations	Timezones	Russia	metazone	Volgograd		generic	0	//ldml/dates/timeZoneNames/metazone[@type="Volgograd"]/long/generic		Volgograd Time	Volgograd Time	heure de Volgograd	heure de Volgograd	Moderate				5
Translations	Timezones	Russia	metazone	Volgograd		standard	0	//ldml/dates/timeZoneNames/metazone[@type="Volgograd"]/long/standard		Volgograd Standard Time	Volgograd Standard Time	heure normale de Volgograd	heure normale de Volgograd	Moderate				5
Translations	Timezones	Antarctica	metazone	Vostok		standard	0	//ldml/dates/timeZoneNames/metazone[@type="Vostok"]/long/standard		Vostok Time	Vostok Time	heure de Vostok	heure de Vostok	Moderate				5
Translations	Timezones	Oceania	metazone	Wake		standard	0	//ldml/dates/timeZoneNames/metazone[@type="Wake"]/long/standard		Wake Island Time	Wake Island Time	heure de l’île Wake	heure de l’île Wake	Moderate				5
Translations	Timezones	Oceania	metazone	Wallis		standard	0	//ldml/dates/timeZoneNames/metazone[@type="Wallis"]/long/standard		Wallis & Futuna Time	Wallis & Futuna Time	heure de Wallis-et-Futuna	heure de Wallis-et-Futuna	Moderate				5
Translations	Timezones	Russia	metazone	Yakutsk		daylight	0	//ldml/dates/timeZoneNames/metazone[@type="Yakutsk"]/long/daylight		Yakutsk Summer Time	Yakutsk Summer Time	heure d’été de Iakoutsk	heure d’été de Iakoutsk	Moderate				5
Translations	Timezones	Russia	metazone	Yakutsk		generic	0	//ldml/dates/timeZoneNames/metazone[@type="Yakutsk"]/long/generic		Yakutsk Time	Yakutsk Time	heure de Iakoutsk	heure de Iakoutsk	Moderate				5
Translations	Timezones	Russia	metazone	Yakutsk		standard	0	//ldml/dates/timeZoneNames/metazone[@type="Yakutsk"]/long/standard		Yakutsk Standard Time	Yakutsk Standard Time	heure normale de Iakoutsk	heure normale de Iakoutsk	Moderate				5
Translations	Timezones	Russia	metazone	Yekaterinburg		daylight	0	//ldml/dates/timeZoneNames/metazone[@type="Yekaterinburg"]/long/daylight		Yekaterinburg Summer Time	Yekaterinburg Summer Time	heure d’été d’Ekaterinbourg	heure d’été d’Ekaterinbourg	Moderate				5
Translations	Timezones	Russia	metazone	Yekaterinburg		generic	0	//ldml/dates/timeZoneNames/metazone[@type="Yekaterinburg"]/long/generic		Yekaterinburg Time	Yekaterinburg Time	heure d’Ekaterinbourg	heure d’Ekaterinbourg	Moderate				5
Translations	Timezones	Russia	metazone	Yekaterinburg		standard	0	//ldml/dates/timeZoneNames/metazone[@type="Yekaterinburg"]/long/standard		Yekaterinburg Standard Time	Yekaterinburg Standard Time	heure normale d’Ekaterinbourg	heure normale d’Ekaterinbourg	Moderate				5
Translations	Timezones	NorthAmerica	metazone	Yukon		standard	0	//ldml/dates/timeZoneNames/metazone[@type="Yukon"]/long/standard		Yukon Time	Yukon Time	heure normale du Yukon	heure normale du Yukon	Moderate				5
Translations	Timezones	Africa	zone	Africa/Abidjan			0	//ldml/dates/timeZoneNames/zone[@type="Africa/Abidjan"]/exemplarCity		Abidjan	Abidjan	Abidjan	Abidjan	Moderate				2_3
Translations	Timezones	Africa	zone	Africa/Accra			0	//ldml/dates/timeZoneNames/zone[@type="Africa/Accra"]/exemplarCity		Accra	Accra	Accra	Accra	Moderate				2_3
Translations	Timezones	Africa	zone	Africa/Addis_Ababa			0	//ldml/dates/timeZoneNames/zone[@type="Africa/Addis_Ababa"]/exemplarCity		Addis Ababa	Addis Ababa	Addis-Abeba	Addis-Abeba	Moderate				2_3
Translations	Timezones	Africa	zone	Africa/Algiers			0	//ldml/dates/timeZoneNames/zone[@type="Africa/Algiers"]/exemplarCity		Algiers	Algiers	Alger	Alger	Moderate				2_3
Translations	Timezones	Africa	zone	Africa/Asmera			0	//ldml/dates/timeZoneNames/zone[@type="Africa/Asmera"]/exemplarCity		Asmara	Asmara	Asmara	Asmara	Moderate				2_3
Translations	Timezones	Africa	zone	Africa/Bamako			0	//ldml/dates/timeZoneNames/zone[@type="Africa/Bamako"]/exemplarCity		Bamako	Bamako	Bamako	Bamako	Moderate				2_3
Translations	Timezones	Africa	zone	Africa/Bangui			0	//ldml/dates/timeZoneNames/zone[@type="Africa/Bangui"]/exemplarCity		Bangui	Bangui	Bangui	Bangui	Moderate				2_3
Translations	Timezones	Africa	zone	Africa/Banjul			0	//ldml/dates/timeZoneNames/zone[@type="Africa/Banjul"]/exemplarCity		Banjul	Banjul	Banjul	Banjul	Moderate				2_3
Translations	Timezones	Africa	zone	Africa/Bissau			0	//ldml/dates/timeZoneNames/zone[@type="Africa/Bissau"]/exemplarCity		Bissau	Bissau	Bissau	Bissau	Moderate				2_3
Translations	Timezones	Africa	zone	Africa/Blantyre			0	//ldml/dates/timeZoneNames/zone[@type="Africa/Blantyre"]/exemplarCity		Blantyre	Blantyre	Blantyre	Blantyre	Moderate				2_3
Translations	Timezones	Africa	zone	Africa/Brazzaville			0	//ldml/dates/timeZoneNames/zone[@type="Africa/Brazzaville"]/exemplarCity		Brazzaville	Brazzaville	Brazzaville	Brazzaville	Moderate				2_3
Translations	Timezones	Africa	zone	Africa/Bujumbura			0	//ldml/dates/timeZoneNames/zone[@type="Africa/Bujumbura"]/exemplarCity		Bujumbura	Bujumbura	Bujumbura	Bujumbura	Moderate				2_3
Translations	Timezones	Africa	zone	Africa/Cairo			0	//ldml/dates/timeZoneNames/zone[@type="Africa/Cairo"]/exemplarCity		Cairo	Cairo	Le Caire	Le Caire	Moderate				2_3
Translations	Timezones	Africa	zone	Africa/Casablanca			0	//ldml/dates/timeZoneNames/zone[@type="Africa/Casablanca"]/exemplarCity		Casablanca	Casablanca	Casablanca	Casablanca	Moderate				2_3
Translations	Timezones	Europe	zone	Africa/Ceuta			0	//ldml/dates/timeZoneNames/zone[@type="Africa/Ceuta"]/exemplarCity		Ceuta	Ceuta	Ceuta	Ceuta	Moderate				2_3
Translations	Timezones	Africa	zone	Africa/Conakry			0	//ldml/dates/timeZoneNames/zone[@type="Africa/Conakry"]/exemplarCity		Conakry	Conakry	Conakry	Conakry	Moderate				2_3
Translations	Timezones	Africa	zone	Africa/Dakar			0	//ldml/dates/timeZoneNames/zone[@type="Africa/Dakar"]/exemplarCity		Dakar	Dakar	Dakar	Dakar	Moderate				2_3
Translations	Timezones	Africa	zone	Africa/Dar_es_Salaam			0	//ldml/dates/timeZoneNames/zone[@type="Africa/Dar_es_Salaam"]/exemplarCity		Dar es Salaam	Dar es Salaam	Dar es Salaam	Dar es Salaam	Moderate				2_3
Translations	Timezones	Africa	zone	Africa/Djibouti			0	//ldml/dates/timeZoneNames/zone[@type="Africa/Djibouti"]/exemplarCity		Djibouti	Djibouti	Djibouti	Djibouti	Moderate				2_3
Translations	Timezones	Africa	zone	Africa/Douala			0	//ldml/dates/timeZoneNames/zone[@type="Africa/Douala"]/exemplarCity		Douala	Douala	Douala	Douala	Moderate				2_3
Translations	Timezones	Africa	zone	Africa/El_Aaiun			0	//ldml/dates/timeZoneNames/zone[@type="Africa/El_Aaiun"]/exemplarCity		El Aaiun	El Aaiun	Laâyoune	Laâyoune	Moderate				2_3
Translations	Timezones	Africa	zone	Africa/Freetown			0	//ldml/dates/timeZoneNames/zone[@type="Africa/Freetown"]/exemplarCity		Freetown	Freetown	Freetown	Freetown	Moderate				2_3
Translations	Timezones	Africa	zone	Africa/Gaborone			0	//ldml/dates/timeZoneNames/zone[@type="Africa/Gaborone"]/exemplarCity		Gaborone	Gaborone	Gaborone	Gaborone	Moderate				2_3
Translations	Timezones	Africa	zone	Africa/Harare			0	//ldml/dates/timeZoneNames/zone[@type="Africa/Harare"]/exemplarCity		Harare	Harare	Harare	Harare	Moderate				2_3
Translations	Timezones	Africa	zone	Africa/Johannesburg			0	//ldml/dates/timeZoneNames/zone[@type="Africa/Johannesburg"]/exemplarCity		Johannesburg	Johannesburg	Johannesburg	Johannesburg	Moderate				2_3
Translations	Timezones	Africa	zone	Africa/Juba			0	//ldml/dates/timeZoneNames/zone[@type="Africa/Juba"]/exemplarCity		Juba	Juba	Juba	Juba	Moderate				2_3
Translations	Timezones	Africa	zone	Africa/Kampala			0	//ldml/dates/timeZoneNames/zone[@type="Africa/Kampala"]/exemplarCity		Kampala	Kampala	Kampala	Kampala	Moderate				2_3
Translations	Timezones	Africa	zone	Africa/Khartoum			0	//ldml/dates/timeZoneNames/zone[@type="Africa/Khartoum"]/exemplarCity		Khartoum	Khartoum	Khartoum	Khartoum	Moderate				2_3
Translations	Timezones	Africa	zone	Africa/Kigali			0	//ldml/dates/timeZoneNames/zone[@type="Africa/Kigali"]/exemplarCity		Kigali	Kigali	Kigali	Kigali	Moderate				2_3
Translations	Timezones	Africa	zone	Africa/Kinshasa			0	//ldml/dates/timeZoneNames/zone[@type="Africa/Kinshasa"]/exemplarCity		Kinshasa	Kinshasa	Kinshasa	Kinshasa	Moderate				2_3
Translations	Timezones	Africa	zone	Africa/Lagos			0	//ldml/dates/timeZoneNames/zone[@type="Africa/Lagos"]/exemplarCity		Lagos	Lagos	Lagos	Lagos	Moderate				2_3
Translations	Timezones	Africa	zone	Africa/Libreville			0	//ldml/dates/timeZoneNames/zone[@type="Africa/Libreville"]/exemplarCity		Libreville	Libreville	Libreville	Libreville	Moderate				2_3
Translations	Timezones	Africa	zone	Africa/Lome			0	//ldml/dates/timeZoneNames/zone[@type="Africa/Lome"]/exemplarCity		Lome	Lome	Lomé	Lomé	Moderate				2_3
Translations	Timezones	Africa	zone	Africa/Luanda			0	//ldml/dates/timeZoneNames/zone[@type="Africa/Luanda"]/exemplarCity		Luanda	Luanda	Luanda	Luanda	Moderate				2_3
Translations	Timezones	Africa	zone	Africa/Lubumbashi			0	//ldml/dates/timeZoneNames/zone[@type="Africa/Lubumbashi"]/exemplarCity		Lubumbashi	Lubumbashi	Lubumbashi	Lubumbashi	Moderate				2_3
Translations	Timezones	Africa	zone	Africa/Lusaka			0	//ldml/dates/timeZoneNames/zone[@type="Africa/Lusaka"]/exemplarCity		Lusaka	Lusaka	Lusaka	Lusaka	Moderate				2_3
Translations	Timezones	Africa	zone	Africa/Malabo			0	//ldml/dates/timeZoneNames/zone[@type="Africa/Malabo"]/exemplarCity		Malabo	Malabo	Malabo	Malabo	Moderate				2_3
Translations	Timezones	Africa	zone	Africa/Maputo			0	//ldml/dates/timeZoneNames/zone[@type="Africa/Maputo"]/exemplarCity		Maputo	Maputo	Maputo	Maputo	Moderate				2_3
Translations	Timezones	Africa	zone	Africa/Maseru			0	//ldml/dates/timeZoneNames/zone[@type="Africa/Maseru"]/exemplarCity		Maseru	Maseru	Maseru	Maseru	Moderate				2_3
Translations	Timezones	Africa	zone	Africa/Mbabane			0	//ldml/dates/timeZoneNames/zone[@type="Africa/Mbabane"]/exemplarCity		Mbabane	Mbabane	Mbabane	Mbabane	Moderate				2_3
Translations	Timezones	Africa	zone	Africa/Mogadishu			0	//ldml/dates/timeZoneNames/zone[@type="Africa/Mogadishu"]/exemplarCity		Mogadishu	Mogadishu	Mogadiscio	Mogadiscio	Moderate				2_3
Translations	Timezones	Africa	zone	Africa/Monrovia			0	//ldml/dates/timeZoneNames/zone[@type="Africa/Monrovia"]/exemplarCity		Monrovia	Monrovia	Monrovia	Monrovia	Moderate				2_3
Translations	Timezones	Africa	zone	Africa/Nairobi			0	//ldml/dates/timeZoneNames/zone[@type="Africa/Nairobi"]/exemplarCity		Nairobi	Nairobi	Nairobi	Nairobi	Moderate				2_3
Translations	Timezones	Africa	zone	Africa/Ndjamena			0	//ldml/dates/timeZoneNames/zone[@type="Africa/Ndjamena"]/exemplarCity		Ndjamena	Ndjamena	N’Djamena	N’Djamena	Moderate				2_3
Translations	Timezones	Africa	zone	Africa/Niamey			0	//ldml/dates/timeZoneNames/zone[@type="Africa/Niamey"]/exemplarCity		Niamey	Niamey	Niamey	Niamey	Moderate				2_3
Translations	Timezones	Africa	zone	Africa/Nouakchott			0	//ldml/dates/timeZoneNames/zone[@type="Africa/Nouakchott"]/exemplarCity		Nouakchott	Nouakchott	Nouakchott	Nouakchott	Moderate				2_3
Translations	Timezones	Africa	zone	Africa/Ouagadougou			0	//ldml/dates/timeZoneNames/zone[@type="Africa/Ouagadougou"]/exemplarCity		Ouagadougou	Ouagadougou	Ouagadougou	Ouagadougou	Moderate				2_3
Translations	Timezones	Africa	zone	Africa/Porto-Novo			0	//ldml/dates/timeZoneNames/zone[@type="Africa/Porto-Novo"]/exemplarCity		Porto-Novo	Porto-Novo	Porto-Novo	Porto-Novo	Moderate				2_3
Translations	Timezones	Africa	zone	Africa/Sao_Tome			0	//ldml/dates/timeZoneNames/zone[@type="Africa/Sao_Tome"]/exemplarCity		São Tomé	São Tomé	São Tomé	São Tomé	Moderate				2_3
Translations	Timezones	Africa	zone	Africa/Tripoli			0	//ldml/dates/timeZoneNames/zone[@type="Africa/Tripoli"]/exemplarCity		Tripoli	Tripoli	Tripoli (Libye)	Tripoli (Libye)	Moderate				2_3
Translations	Timezones	Africa	zone	Africa/Tunis			0	//ldml/dates/timeZoneNames/zone[@type="Africa/Tunis"]/exemplarCity		Tunis	Tunis	Tunis	Tunis	Moderate				2_3
Translations	Timezones	Africa	zone	Africa/Windhoek			0	//ldml/dates/timeZoneNames/zone[@type="Africa/Windhoek"]/exemplarCity		Windhoek	Windhoek	Windhoek	Windhoek	Moderate				2_3
Translations	Timezones	NorthAmerica	zone	America/Adak			0	//ldml/dates/timeZoneNames/zone[@type="America/Adak"]/exemplarCity		Adak	Adak	Adak	Adak	Moderate				5
Translations	Timezones	NorthAmerica	zone	America/Anchorage			0	//ldml/dates/timeZoneNames/zone[@type="America/Anchorage"]/exemplarCity		Anchorage	Anchorage	Anchorage	Anchorage	Moderate				5
Translations	Timezones	NorthAmerica	zone	America/Anguilla			0	//ldml/dates/timeZoneNames/zone[@type="America/Anguilla"]/exemplarCity		Anguilla	Anguilla	Anguilla	Anguilla	Moderate				5
Translations	Timezones	NorthAmerica	zone	America/Antigua			0	//ldml/dates/timeZoneNames/zone[@type="America/Antigua"]/exemplarCity		Antigua	Antigua	Antigua	Antigua	Moderate				5
Translations	Timezones	SouthAmerica	zone	America/Araguaina			0	//ldml/dates/timeZoneNames/zone[@type="America/Araguaina"]/exemplarCity		Araguaina	Araguaina	Araguaína	Araguaína	Moderate				5
Translations	Timezones	SouthAmerica	zone	America/Argentina/La_Rioja			0	//ldml/dates/timeZoneNames/zone[@type="America/Argentina/La_Rioja"]/exemplarCity		La Rioja	La Rioja	La Rioja	La Rioja	Moderate				5
Translations	Timezones	SouthAmerica	zone	America/Argentina/Rio_Gallegos			0	//ldml/dates/timeZoneNames/zone[@type="America/Argentina/Rio_Gallegos"]/exemplarCity		Rio Gallegos	Rio Gallegos	Río Gallegos	Río Gallegos	Moderate				5
Translations	Timezones	SouthAmerica	zone	America/Argentina/Salta			0	//ldml/dates/timeZoneNames/zone[@type="America/Argentina/Salta"]/exemplarCity		Salta	Salta	Salta	Salta	Moderate				5
Translations	Timezones	SouthAmerica	zone	America/Argentina/San_Juan			0	//ldml/dates/timeZoneNames/zone[@type="America/Argentina/San_Juan"]/exemplarCity		San Juan	San Juan	San Juan	San Juan	Moderate				5
Translations	Timezones	SouthAmerica	zone	America/Argentina/San_Luis			0	//ldml/dates/timeZoneNames/zone[@type="America/Argentina/San_Luis"]/exemplarCity		San Luis	San Luis	San Luis	San Luis	Moderate				5
Translations	Timezones	SouthAmerica	zone	America/Argentina/Tucuman			0	//ldml/dates/timeZoneNames/zone[@type="America/Argentina/Tucuman"]/exemplarCity		Tucuman	Tucuman	Tucumán	Tucumán	Moderate				5
Translations	Timezones	SouthAmerica	zone	America/Argentina/Ushuaia			0	//ldml/dates/timeZoneNames/zone[@type="America/Argentina/Ushuaia"]/exemplarCity		Ushuaia	Ushuaia	Ushuaïa	Ushuaïa	Moderate				5
Translations	Timezones	NorthAmerica	zone	America/Aruba			0	//ldml/dates/timeZoneNames/zone[@type="America/Aruba"]/exemplarCity		Aruba	Aruba	Aruba	Aruba	Moderate				5
Translations	Timezones	SouthAmerica	zone	America/Asuncion			0	//ldml/dates/timeZoneNames/zone[@type="America/Asuncion"]/exemplarCity		Asunción	Asunción	Asunción	Asunción	Moderate				5
Translations	Timezones	SouthAmerica	zone	America/Bahia			0	//ldml/dates/timeZoneNames/zone[@type="America/Bahia"]/exemplarCity		Bahia	Bahia	Bahia	Bahia	Moderate				5
Translations	Timezones	NorthAmerica	zone	America/Bahia_Banderas			0	//ldml/dates/timeZoneNames/zone[@type="America/Bahia_Banderas"]/exemplarCity		Bahía de Banderas	Bahía de Banderas	Bahia de Banderas	Bahia de Banderas	Moderate				5
Translations	Timezones	NorthAmerica	zone	America/Barbados			0	//ldml/dates/timeZoneNames/zone[@type="America/Barbados"]/exemplarCity		Barbados	Barbados	La Barbade	La Barbade	Moderate				5
Translations	Timezones	SouthAmerica	zone	America/Belem			0	//ldml/dates/timeZoneNames/zone[@type="America/Belem"]/exemplarCity		Belem	Belem	Belém	Belém	Moderate				5
Translations	Timezones	NorthAmerica	zone	America/Belize			0	//ldml/dates/timeZoneNames/zone[@type="America/Belize"]/exemplarCity		Belize	Belize	Belize	Belize	Moderate				5
Translations	Timezones	NorthAmerica	zone	America/Blanc-Sablon			0	//ldml/dates/timeZoneNames/zone[@type="America/Blanc-Sablon"]/exemplarCity		Blanc-Sablon	Blanc-Sablon	Blanc-Sablon	Blanc-Sablon	Moderate				5
Translations	Timezones	SouthAmerica	zone	America/Boa_Vista			0	//ldml/dates/timeZoneNames/zone[@type="America/Boa_Vista"]/exemplarCity		Boa Vista	Boa Vista	Boa Vista	Boa Vista	Moderate				5
Translations	Timezones	SouthAmerica	zone	America/Bogota			0	//ldml/dates/timeZoneNames/zone[@type="America/Bogota"]/exemplarCity		Bogota	Bogota	Bogota	Bogota	Moderate				5
Translations	Timezones	NorthAmerica	zone	America/Boise			0	//ldml/dates/timeZoneNames/zone[@type="America/Boise"]/exemplarCity		Boise	Boise	Boise	Boise	Moderate				5
Translations	Timezones	SouthAmerica	zone	America/Buenos_Aires			0	//ldml/dates/timeZoneNames/zone[@type="America/Buenos_Aires"]/exemplarCity		Buenos Aires	Buenos Aires	Buenos Aires	Buenos Aires	Moderate				5
Translations	Timezones	NorthAmerica	zone	America/Cambridge_Bay			0	//ldml/dates/timeZoneNames/zone[@type="America/Cambridge_Bay"]/exemplarCity		Cambridge Bay	Cambridge Bay	Cambridge Bay	Cambridge Bay	Moderate				5
Translations	Timezones	SouthAmerica	zone	America/Campo_Grande			0	//ldml/dates/timeZoneNames/zone[@type="America/Campo_Grande"]/exemplarCity		Campo Grande	Campo Grande	Campo Grande	Campo Grande	Moderate				5
Translations	Timezones	NorthAmerica	zone	America/Cancun			0	//ldml/dates/timeZoneNames/zone[@type="America/Cancun"]/exemplarCity		Cancún	Cancún	Cancún	Cancún	Moderate				5
Translations	Timezones	SouthAmerica	zone	America/Caracas			0	//ldml/dates/timeZoneNames/zone[@type="America/Caracas"]/exemplarCity		Caracas	Caracas	Caracas	Caracas	Moderate				5
Translations	Timezones	SouthAmerica	zone	America/Catamarca			0	//ldml/dates/timeZoneNames/zone[@type="America/Catamarca"]/exemplarCity		Catamarca	Catamarca	Catamarca	Catamarca	Moderate				5
Translations	Timezones	SouthAmerica	zone	America/Cayenne			0	//ldml/dates/timeZoneNames/zone[@type="America/Cayenne"]/exemplarCity		Cayenne	Cayenne	Cayenne	Cayenne	Moderate				5
Translations	Timezones	NorthAmerica	zone	America/Cayman			0	//ldml/dates/timeZoneNames/zone[@type="America/Cayman"]/exemplarCity		Cayman	Cayman	Caïmans	Caïmans	Moderate				5
Translations	Timezones	NorthAmerica	zone	America/Chicago			0	//ldml/dates/timeZoneNames/zone[@type="America/Chicago"]/exemplarCity		Chicago	Chicago	Chicago	Chicago	Moderate				5
Translations	Timezones	NorthAmerica	zone	America/Chihuahua			0	//ldml/dates/timeZoneNames/zone[@type="America/Chihuahua"]/exemplarCity		Chihuahua	Chihuahua	Chihuahua	Chihuahua	Moderate				5
Translations	Timezones	NorthAmerica	zone	America/Ciudad_Juarez			0	//ldml/dates/timeZoneNames/zone[@type="America/Ciudad_Juarez"]/exemplarCity		Ciudad Juárez	Ciudad Juárez	Ciudad Juárez	Ciudad Juárez	Moderate				5
Translations	Timezones	NorthAmerica	zone	America/Coral_Harbour			0	//ldml/dates/timeZoneNames/zone[@type="America/Coral_Harbour"]/exemplarCity		Atikokan	Atikokan	Atikokan	Atikokan	Moderate				5
Translations	Timezones	SouthAmerica	zone	America/Cordoba			0	//ldml/dates/timeZoneNames/zone[@type="America/Cordoba"]/exemplarCity		Cordoba	Cordoba	Córdoba	Córdoba	Moderate				5
Translations	Timezones	NorthAmerica	zone	America/Costa_Rica			0	//ldml/dates/timeZoneNames/zone[@type="America/Costa_Rica"]/exemplarCity		Costa Rica	Costa Rica	Costa Rica	Costa Rica	Moderate				5
Translations	Timezones	NorthAmerica	zone	America/Creston			0	//ldml/dates/timeZoneNames/zone[@type="America/Creston"]/exemplarCity		Creston	Creston	Creston	Creston	Moderate				5
Translations	Timezones	SouthAmerica	zone	America/Cuiaba			0	//ldml/dates/timeZoneNames/zone[@type="America/Cuiaba"]/exemplarCity		Cuiaba	Cuiaba	Cuiabá	Cuiabá	Moderate				5
Translations	Timezones	NorthAmerica	zone	America/Curacao			0	//ldml/dates/timeZoneNames/zone[@type="America/Curacao"]/exemplarCity		Curaçao	Curaçao	Curaçao	Curaçao	Moderate				5
Translations	Timezones	NorthAmerica	zone	America/Danmarkshavn			0	//ldml/dates/timeZoneNames/zone[@type="America/Danmarkshavn"]/exemplarCity		Danmarkshavn	Danmarkshavn	Danmarkshavn	Danmarkshavn	Moderate				5
Translations	Timezones	NorthAmerica	zone	America/Dawson			0	//ldml/dates/timeZoneNames/zone[@type="America/Dawson"]/exemplarCity		Dawson	Dawson	Dawson	Dawson	Moderate				5
Translations	Timezones	NorthAmerica	zone	America/Dawson_Creek			0	//ldml/dates/timeZoneNames/zone[@type="America/Dawson_Creek"]/exemplarCity		Dawson Creek	Dawson Creek	Dawson Creek	Dawson Creek	Moderate				5
Translations	Timezones	NorthAmerica	zone	America/Denver			0	//ldml/dates/timeZoneNames/zone[@type="America/Denver"]/exemplarCity		Denver	Denver	Denver	Denver	Moderate				5
Translations	Timezones	NorthAmerica	zone	America/Detroit			0	//ldml/dates/timeZoneNames/zone[@type="America/Detroit"]/exemplarCity		Detroit	Detroit	Détroit	Détroit	Moderate				5
Translations	Timezones	NorthAmerica	zone	America/Dominica			0	//ldml/dates/timeZoneNames/zone[@type="America/Dominica"]/exemplarCity		Dominica	Dominica	Dominique	Dominique	Moderate				5
Translations	Timezones	NorthAmerica	zone	America/Edmonton			0	//ldml/dates/timeZoneNames/zone[@type="America/Edmonton"]/exemplarCity		Edmonton	Edmonton	Edmonton	Edmonton	Moderate				5
Translations	Timezones	SouthAmerica	zone	America/Eirunepe			0	//ldml/dates/timeZoneNames/zone[@type="America/Eirunepe"]/exemplarCity		Eirunepe	Eirunepe	Eirunepé	Eirunepé	Moderate				5
Translations	Timezones	NorthAmerica	zone	America/El_Salvador			0	//ldml/dates/timeZoneNames/zone[@type="America/El_Salvador"]/exemplarCity		El Salvador	El Salvador	El Salvador	El Salvador	Moderate				5
Translations	Timezones	NorthAmerica	zone	America/Fort_Nelson			0	//ldml/dates/timeZoneNames/zone[@type="America/Fort_Nelson"]/exemplarCity		Fort Nelson	Fort Nelson	Fort Nelson	Fort Nelson	Moderate				5
Translations	Timezones	SouthAmerica	zone	America/Fortaleza			0	//ldml/dates/timeZoneNames/zone[@type="America/Fortaleza"]/exemplarCity		Fortaleza	Fortaleza	Fortaleza	Fortaleza	Moderate				5
Translations	Timezones	NorthAmerica	zone	America/Glace_Bay			0	//ldml/dates/timeZoneNames/zone[@type="America/Glace_Bay"]/exemplarCity		Glace Bay	Glace Bay	Glace Bay	Glace Bay	Moderate				5
Translations	Timezones	NorthAmerica	zone	America/Godthab			0	//ldml/dates/timeZoneNames/zone[@type="America/Godthab"]/exemplarCity		Nuuk	Nuuk	Nuuk	Nuuk	Moderate				5
Translations	Timezones	NorthAmerica	zone	America/Goose_Bay			0	//ldml/dates/timeZoneNames/zone[@type="America/Goose_Bay"]/exemplarCity		Goose Bay	Goose Bay	Goose Bay	Goose Bay	Moderate				5
Translations	Timezones	NorthAmerica	zone	America/Grand_Turk			0	//ldml/dates/timeZoneNames/zone[@type="America/Grand_Turk"]/exemplarCity		Grand Turk	Grand Turk	Grand Turk	Grand Turk	Moderate				5
Translations	Timezones	NorthAmerica	zone	America/Grenada			0	//ldml/dates/timeZoneNames/zone[@type="America/Grenada"]/exemplarCity		Grenada	Grenada	Grenade	Grenade	Moderate				5
Translations	Timezones	NorthAmerica	zone	America/Guadeloupe			0	//ldml/dates/timeZoneNames/zone[@type="America/Guadeloupe"]/exemplarCity		Guadeloupe	Guadeloupe	Guadeloupe	Guadeloupe	Moderate				5
Translations	Timezones	NorthAmerica	zone	America/Guatemala			0	//ldml/dates/timeZoneNames/zone[@type="America/Guatemala"]/exemplarCity		Guatemala	Guatemala	Guatemala	Guatemala	Moderate				5
Translations	Timezones	SouthAmerica	zone	America/Guayaquil			0	//ldml/dates/timeZoneNames/zone[@type="America/Guayaquil"]/exemplarCity		Guayaquil	Guayaquil	Guayaquil	Guayaquil	Moderate				5
Translations	Timezones	SouthAmerica	zone	America/Guyana			0	//ldml/dates/timeZoneNames/zone[@type="America/Guyana"]/exemplarCity		Guyana	Guyana	Guyana	Guyana	Moderate				5
Translations	Timezones	NorthAmerica	zone	America/Halifax			0	//ldml/dates/timeZoneNames/zone[@type="America/Halifax"]/exemplarCity		Halifax	Halifax	Halifax	Halifax	Moderate				5
Translations	Timezones	NorthAmerica	zone	America/Havana			0	//ldml/dates/timeZoneNames/zone[@type="America/Havana"]/exemplarCity		Havana	Havana	La Havane	La Havane	Moderate				5
Translations	Timezones	NorthAmerica	zone	America/Hermosillo			0	//ldml/dates/timeZoneNames/zone[@type="America/Hermosillo"]/exemplarCity		Hermosillo	Hermosillo	Hermosillo	Hermosillo	Moderate				5
Translations	Timezones	NorthAmerica	zone	America/Indiana/Knox			0	//ldml/dates/timeZoneNames/zone[@type="America/Indiana/Knox"]/exemplarCity		Knox, Indiana	Knox, Indiana	Knox [Indiana]	Knox [Indiana]	Moderate				5
Translations	Timezones	NorthAmerica	zone	America/Indiana/Marengo			0	//ldml/dates/timeZoneNames/zone[@type="America/Indiana/Marengo"]/exemplarCity		Marengo, Indiana	Marengo, Indiana	Marengo [Indiana]	Marengo [Indiana]	Moderate				5
Translations	Timezones	NorthAmerica	zone	America/Indiana/Petersburg			0	//ldml/dates/timeZoneNames/zone[@type="America/Indiana/Petersburg"]/exemplarCity		Petersburg, Indiana	Petersburg, Indiana	Petersburg [Indiana]	Petersburg [Indiana]	Moderate				5
Translations	Timezones	NorthAmerica	zone	America/Indiana/Tell_City			0	//ldml/dates/timeZoneNames/zone[@type="America/Indiana/Tell_City"]/exemplarCity		Tell City, Indiana	Tell City, Indiana	Tell City [Indiana]	Tell City [Indiana]	Moderate				5
Translations	Timezones	NorthAmerica	zone	America/Indiana/Vevay			0	//ldml/dates/timeZoneNames/zone[@type="America/Indiana/Vevay"]/exemplarCity		Vevay, Indiana	Vevay, Indiana	Vevay [Indiana]	Vevay [Indiana]	Moderate				5
Translations	Timezones	NorthAmerica	zone	America/Indiana/Vincennes			0	//ldml/dates/timeZoneNames/zone[@type="America/Indiana/Vincennes"]/exemplarCity		Vincennes, Indiana	Vincennes, Indiana	Vincennes [Indiana]	Vincennes [Indiana]	Moderate				5
Translations	Timezones	NorthAmerica	zone	America/Indiana/Winamac			0	//ldml/dates/timeZoneNames/zone[@type="America/Indiana/Winamac"]/exemplarCity		Winamac, Indiana	Winamac, Indiana	Winamac [Indiana]	Winamac [Indiana]	Moderate				5
Translations	Timezones	NorthAmerica	zone	America/Indianapolis			0	//ldml/dates/timeZoneNames/zone[@type="America/Indianapolis"]/exemplarCity		Indianapolis	Indianapolis	Indianapolis	Indianapolis	Moderate				5
Translations	Timezones	NorthAmerica	zone	America/Inuvik			0	//ldml/dates/timeZoneNames/zone[@type="America/Inuvik"]/exemplarCity		Inuvik	Inuvik	Inuvik	Inuvik	Moderate				5
Translations	Timezones	NorthAmerica	zone	America/Iqaluit			0	//ldml/dates/timeZoneNames/zone[@type="America/Iqaluit"]/exemplarCity		Iqaluit	Iqaluit	Iqaluit	Iqaluit	Moderate				5
Translations	Timezones	NorthAmerica	zone	America/Jamaica			0	//ldml/dates/timeZoneNames/zone[@type="America/Jamaica"]/exemplarCity		Jamaica	Jamaica	Jamaïque	Jamaïque	Moderate				5
Translations	Timezones	SouthAmerica	zone	America/Jujuy			0	//ldml/dates/timeZoneNames/zone[@type="America/Jujuy"]/exemplarCity		Jujuy	Jujuy	Jujuy	Jujuy	Moderate				5
Translations	Timezones	NorthAmerica	zone	America/Juneau			0	//ldml/dates/timeZoneNames/zone[@type="America/Juneau"]/exemplarCity		Juneau	Juneau	Juneau	Juneau	Moderate				5
Translations	Timezones	NorthAmerica	zone	America/Kentucky/Monticello			0	//ldml/dates/timeZoneNames/zone[@type="America/Kentucky/Monticello"]/exemplarCity		Monticello, Kentucky	Monticello, Kentucky	Monticello [Kentucky]	Monticello [Kentucky]	Moderate				5
Translations	Timezones	NorthAmerica	zone	America/Kralendijk			0	//ldml/dates/timeZoneNames/zone[@type="America/Kralendijk"]/exemplarCity		Kralendijk	Kralendijk	Kralendijk	Kralendijk	Moderate				5
Translations	Timezones	SouthAmerica	zone	America/La_Paz			0	//ldml/dates/timeZoneNames/zone[@type="America/La_Paz"]/exemplarCity		La Paz	La Paz	La Paz	La Paz	Moderate				5
Translations	Timezones	SouthAmerica	zone	America/Lima			0	//ldml/dates/timeZoneNames/zone[@type="America/Lima"]/exemplarCity		Lima	Lima	Lima	Lima	Moderate				5
Translations	Timezones	NorthAmerica	zone	America/Los_Angeles			0	//ldml/dates/timeZoneNames/zone[@type="America/Los_Angeles"]/exemplarCity		Los Angeles	Los Angeles	Los Angeles	Los Angeles	Moderate				5
Translations	Timezones	NorthAmerica	zone	America/Louisville			0	//ldml/dates/timeZoneNames/zone[@type="America/Louisville"]/exemplarCity		Louisville	Louisville	Louisville	Louisville	Moderate				5
Translations	Timezones	NorthAmerica	zone	America/Lower_Princes			0	//ldml/dates/timeZoneNames/zone[@type="America/Lower_Princes"]/exemplarCity		Lower Prince’s Quarter	Lower Prince’s Quarter	Lower Prince’s Quarter	Lower Prince’s Quarter	Moderate				5
Translations	Timezones	SouthAmerica	zone	America/Maceio			0	//ldml/dates/timeZoneNames/zone[@type="America/Maceio"]/exemplarCity		Maceio	Maceio	Maceió	Maceió	Moderate				5
Translations	Timezones	NorthAmerica	zone	America/Managua			0	//ldml/dates/timeZoneNames/zone[@type="America/Managua"]/exemplarCity		Managua	Managua	Managua	Managua	Moderate				5
Translations	Timezones	SouthAmerica	zone	America/Manaus			0	//ldml/dates/timeZoneNames/zone[@type="America/Manaus"]/exemplarCity		Manaus	Manaus	Manaos	Manaos	Moderate				5
Translations	Timezones	NorthAmerica	zone	America/Marigot			0	//ldml/dates/timeZoneNames/zone[@type="America/Marigot"]/exemplarCity		Marigot	Marigot	Marigot	Marigot	Moderate				5
Translations	Timezones	NorthAmerica	zone	America/Martinique			0	//ldml/dates/timeZoneNames/zone[@type="America/Martinique"]/exemplarCity		Martinique	Martinique	Martinique	Martinique	Moderate				5
Translations	Timezones	NorthAmerica	zone	America/Matamoros			0	//ldml/dates/timeZoneNames/zone[@type="America/Matamoros"]/exemplarCity		Matamoros	Matamoros	Matamoros	Matamoros	Moderate				5
Translations	Timezones	NorthAmerica	zone	America/Mazatlan			0	//ldml/dates/timeZoneNames/zone[@type="America/Mazatlan"]/exemplarCity		Mazatlan	Mazatlan	Mazatlán	Mazatlán	Moderate				5
Translations	Timezones	SouthAmerica	zone	America/Mendoza			0	//ldml/dates/timeZoneNames/zone[@type="America/Mendoza"]/exemplarCity		Mendoza	Mendoza	Mendoza	Mendoza	Moderate				5
Translations	Timezones	NorthAmerica	zone	America/Menominee			0	//ldml/dates/timeZoneNames/zone[@type="America/Menominee"]/exemplarCity		Menominee	Menominee	Menominee	Menominee	Moderate				5
Translations	Timezones	NorthAmerica	zone	America/Merida			0	//ldml/dates/timeZoneNames/zone[@type="America/Merida"]/exemplarCity		Mérida	Mérida	Mérida	Mérida	Moderate				5
Translations	Timezones	NorthAmerica	zone	America/Metlakatla			0	//ldml/dates/timeZoneNames/zone[@type="America/Metlakatla"]/exemplarCity		Metlakatla	Metlakatla	Metlakatla	Metlakatla	Moderate				5
Translations	Timezones	NorthAmerica	zone	America/Mexico_City			0	//ldml/dates/timeZoneNames/zone[@type="America/Mexico_City"]/exemplarCity		Mexico City	Mexico City	Mexico	Mexico	Moderate				5
Translations	Timezones	NorthAmerica	zone	America/Miquelon			0	//ldml/dates/timeZoneNames/zone[@type="America/Miquelon"]/exemplarCity		Miquelon	Miquelon	Miquelon	Miquelon	Moderate				5
Translations	Timezones	NorthAmerica	zone	America/Moncton			0	//ldml/dates/timeZoneNames/zone[@type="America/Moncton"]/exemplarCity		Moncton	Moncton	Moncton	Moncton	Moderate				5
Translations	Timezones	NorthAmerica	zone	America/Monterrey			0	//ldml/dates/timeZoneNames/zone[@type="America/Monterrey"]/exemplarCity		Monterrey	Monterrey	Monterrey	Monterrey	Moderate				5
Translations	Timezones	SouthAmerica	zone	America/Montevideo			0	//ldml/dates/timeZoneNames/zone[@type="America/Montevideo"]/exemplarCity		Montevideo	Montevideo	Montevideo	Montevideo	Moderate				5
Translations	Timezones	NorthAmerica	zone	America/Montserrat			0	//ldml/dates/timeZoneNames/zone[@type="America/Montserrat"]/exemplarCity		Montserrat	Montserrat	Montserrat	Montserrat	Moderate				5
Translations	Timezones	NorthAmerica	zone	America/Nassau			0	//ldml/dates/timeZoneNames/zone[@type="America/Nassau"]/exemplarCity		Nassau	Nassau	Nassau	Nassau	Moderate				5
Translations	Timezones	NorthAmerica	zone	America/New_York			0	//ldml/dates/timeZoneNames/zone[@type="America/New_York"]/exemplarCity		New York	New York	New York	New York	Moderate				5
Translations	Timezones	NorthAmerica	zone	America/Nome			0	//ldml/dates/timeZoneNames/zone[@type="America/Nome"]/exemplarCity		Nome	Nome	Nome	Nome	Moderate				5
Translations	Timezones	SouthAmerica	zone	America/Noronha			0	//ldml/dates/timeZoneNames/zone[@type="America/Noronha"]/exemplarCity		Noronha	Noronha	Noronha	Noronha	Moderate				5
Translations	Timezones	NorthAmerica	zone	America/North_Dakota/Beulah			0	//ldml/dates/timeZoneNames/zone[@type="America/North_Dakota/Beulah"]/exemplarCity		Beulah, North Dakota	Beulah, North Dakota	Beulah (Dakota du Nord)	Beulah (Dakota du Nord)	Moderate				5
Translations	Timezones	NorthAmerica	zone	America/North_Dakota/Center			0	//ldml/dates/timeZoneNames/zone[@type="America/North_Dakota/Center"]/exemplarCity		Center, North Dakota	Center, North Dakota	Center (Dakota du Nord)	Center (Dakota du Nord)	Moderate				5
Translations	Timezones	NorthAmerica	zone	America/North_Dakota/New_Salem			0	//ldml/dates/timeZoneNames/zone[@type="America/North_Dakota/New_Salem"]/exemplarCity		New Salem, North Dakota	New Salem, North Dakota	New Salem (Dakota du Nord)	New Salem (Dakota du Nord)	Moderate				5
Translations	Timezones	NorthAmerica	zone	America/Ojinaga			0	//ldml/dates/timeZoneNames/zone[@type="America/Ojinaga"]/exemplarCity		Ojinaga	Ojinaga	Ojinaga	Ojinaga	Moderate				5
Translations	Timezones	NorthAmerica	zone	America/Panama			0	//ldml/dates/timeZoneNames/zone[@type="America/Panama"]/exemplarCity		Panama	Panama	Panama	Panama	Moderate				5
Translations	Timezones	SouthAmerica	zone	America/Paramaribo			0	//ldml/dates/timeZoneNames/zone[@type="America/Paramaribo"]/exemplarCity		Paramaribo	Paramaribo	Paramaribo	Paramaribo	Moderate				5
Translations	Timezones	NorthAmerica	zone	America/Phoenix			0	//ldml/dates/timeZoneNames/zone[@type="America/Phoenix"]/exemplarCity		Phoenix	Phoenix	Phoenix	Phoenix	Moderate				5
Translations	Timezones	NorthAmerica	zone	America/Port-au-Prince			0	//ldml/dates/timeZoneNames/zone[@type="America/Port-au-Prince"]/exemplarCity		Port-au-Prince	Port-au-Prince	Port-au-Prince	Port-au-Prince	Moderate				5
Translations	Timezones	NorthAmerica	zone	America/Port_of_Spain			0	//ldml/dates/timeZoneNames/zone[@type="America/Port_of_Spain"]/exemplarCity		Port of Spain	Port of Spain	Port-d’Espagne	Port-d’Espagne	Moderate				5
Translations	Timezones	SouthAmerica	zone	America/Porto_Velho			0	//ldml/dates/timeZoneNames/zone[@type="America/Porto_Velho"]/exemplarCity		Porto Velho	Porto Velho	Porto Velho	Porto Velho	Moderate				5
Translations	Timezones	NorthAmerica	zone	America/Puerto_Rico			0	//ldml/dates/timeZoneNames/zone[@type="America/Puerto_Rico"]/exemplarCity		Puerto Rico	Puerto Rico	Porto Rico	Porto Rico	Moderate				5
Translations	Timezones	SouthAmerica	zone	America/Punta_Arenas			0	//ldml/dates/timeZoneNames/zone[@type="America/Punta_Arenas"]/exemplarCity		Punta Arenas	Punta Arenas	Punta Arenas	Punta Arenas	Moderate				5
Translations	Timezones	NorthAmerica	zone	America/Rankin_Inlet			0	//ldml/dates/timeZoneNames/zone[@type="America/Rankin_Inlet"]/exemplarCity		Rankin Inlet	Rankin Inlet	Rankin Inlet	Rankin Inlet	Moderate				5
Translations	Timezones	SouthAmerica	zone	America/Recife			0	//ldml/dates/timeZoneNames/zone[@type="America/Recife"]/exemplarCity		Recife	Recife	Recife	Recife	Moderate				5
Translations	Timezones	NorthAmerica	zone	America/Regina			0	//ldml/dates/timeZoneNames/zone[@type="America/Regina"]/exemplarCity		Regina	Regina	Regina	Regina	Moderate				5
Translations	Timezones	NorthAmerica	zone	America/Resolute			0	//ldml/dates/timeZoneNames/zone[@type="America/Resolute"]/exemplarCity		Resolute	Resolute	Resolute	Resolute	Moderate				5
Translations	Timezones	SouthAmerica	zone	America/Rio_Branco			0	//ldml/dates/timeZoneNames/zone[@type="America/Rio_Branco"]/exemplarCity		Rio Branco	Rio Branco	Rio Branco	Rio Branco	Moderate				5
Translations	Timezones	SouthAmerica	zone	America/Santarem			0	//ldml/dates/timeZoneNames/zone[@type="America/Santarem"]/exemplarCity		Santarem	Santarem	Santarém	Santarém	Moderate				5
Translations	Timezones	SouthAmerica	zone	America/Santiago			0	//ldml/dates/timeZoneNames/zone[@type="America/Santiago"]/exemplarCity		Santiago	Santiago	Santiago	Santiago	Moderate				5
Translations	Timezones	NorthAmerica	zone	America/Santo_Domingo			0	//ldml/dates/timeZoneNames/zone[@type="America/Santo_Domingo"]/exemplarCity		Santo Domingo	Santo Domingo	Saint-Domingue	Saint-Domingue	Moderate				5
Translations	Timezones	SouthAmerica	zone	America/Sao_Paulo			0	//ldml/dates/timeZoneNames/zone[@type="America/Sao_Paulo"]/exemplarCity		Sao Paulo	Sao Paulo	São Paulo	São Paulo	Moderate				5
Translations	Timezones	NorthAmerica	zone	America/Scoresbysund			0	//ldml/dates/timeZoneNames/zone[@type="America/Scoresbysund"]/exemplarCity		Ittoqqortoormiit	Ittoqqortoormiit	Ittoqqortoormiit	Ittoqqortoormiit	Moderate				5
Translations	Timezones	NorthAmerica	zone	America/Sitka			0	//ldml/dates/timeZoneNames/zone[@type="America/Sitka"]/exemplarCity		Sitka	Sitka	Sitka	Sitka	Moderate				5
Translations	Timezones	NorthAmerica	zone	America/St_Barthelemy			0	//ldml/dates/timeZoneNames/zone[@type="America/St_Barthelemy"]/exemplarCity		St. Barthélemy	St. Barthélemy	Saint-Barthélemy	Saint-Barthélemy	Moderate				5
Translations	Timezones	NorthAmerica	zone	America/St_Johns			0	//ldml/dates/timeZoneNames/zone[@type="America/St_Johns"]/exemplarCity		St. John’s	St. John’s	Saint-Jean de Terre-Neuve	Saint-Jean de Terre-Neuve	Moderate				5
Translations	Timezones	NorthAmerica	zone	America/St_Kitts			0	//ldml/dates/timeZoneNames/zone[@type="America/St_Kitts"]/exemplarCity		St. Kitts	St. Kitts	Saint-Christophe	Saint-Christophe	Moderate				5
Translations	Timezones	NorthAmerica	zone	America/St_Lucia			0	//ldml/dates/timeZoneNames/zone[@type="America/St_Lucia"]/exemplarCity		St. Lucia	St. Lucia	Sainte-Lucie	Sainte-Lucie	Moderate				5
Translations	Timezones	NorthAmerica	zone	America/St_Thomas			0	//ldml/dates/timeZoneNames/zone[@type="America/St_Thomas"]/exemplarCity		St. Thomas	St. Thomas	Saint-Thomas	Saint-Thomas	Moderate				5
Translations	Timezones	NorthAmerica	zone	America/St_Vincent			0	//ldml/dates/timeZoneNames/zone[@type="America/St_Vincent"]/exemplarCity		St. Vincent	St. Vincent	Saint-Vincent	Saint-Vincent	Moderate				5
Translations	Timezones	NorthAmerica	zone	America/Swift_Current			0	//ldml/dates/timeZoneNames/zone[@type="America/Swift_Current"]/exemplarCity		Swift Current	Swift Current	Swift Current	Swift Current	Moderate				5
Translations	Timezones	NorthAmerica	zone	America/Tegucigalpa			0	//ldml/dates/timeZoneNames/zone[@type="America/Tegucigalpa"]/exemplarCity		Tegucigalpa	Tegucigalpa	Tegucigalpa	Tegucigalpa	Moderate				5
Translations	Timezones	NorthAmerica	zone	America/Thule			0	//ldml/dates/timeZoneNames/zone[@type="America/Thule"]/exemplarCity		Thule	Thule	Thulé	Thulé	Moderate				5
Translations	Timezones	NorthAmerica	zone	America/Tijuana			0	//ldml/dates/timeZoneNames/zone[@type="America/Tijuana"]/exemplarCity		Tijuana	Tijuana	Tijuana	Tijuana	Moderate				5
Translations	Timezones	NorthAmerica	zone	America/Toronto			0	//ldml/dates/timeZoneNames/zone[@type="America/Toronto"]/exemplarCity		Toronto	Toronto	Toronto	Toronto	Moderate				5
Translations	Timezones	NorthAmerica	zone	America/Tortola			0	//ldml/dates/timeZoneNames/zone[@type="America/Tortola"]/exemplarCity		Tortola	Tortola	Tortola	Tortola	Moderate				5
Translations	Timezones	NorthAmerica	zone	America/Vancouver			0	//ldml/dates/timeZoneNames/zone[@type="America/Vancouver"]/exemplarCity		Vancouver	Vancouver	Vancouver	Vancouver	Moderate				5
Translations	Timezones	NorthAmerica	zone	America/Whitehorse			0	//ldml/dates/timeZoneNames/zone[@type="America/Whitehorse"]/exemplarCity		Whitehorse	Whitehorse	Whitehorse	Whitehorse	Moderate				5
Translations	Timezones	NorthAmerica	zone	America/Winnipeg			0	//ldml/dates/timeZoneNames/zone[@type="America/Winnipeg"]/exemplarCity		Winnipeg	Winnipeg	Winnipeg	Winnipeg	Moderate				5
Translations	Timezones	NorthAmerica	zone	America/Yakutat			0	//ldml/dates/timeZoneNames/zone[@type="America/Yakutat"]/exemplarCity		Yakutat	Yakutat	Yakutat	Yakutat	Moderate				5
Translations	Timezones	Antarctica	zone	Antarctica/Casey			0	//ldml/dates/timeZoneNames/zone[@type="Antarctica/Casey"]/exemplarCity		Casey	Casey	Casey	Casey	Moderate				5
Translations	Timezones	Antarctica	zone	Antarctica/Davis			0	//ldml/dates/timeZoneNames/zone[@type="Antarctica/Davis"]/exemplarCity		Davis	Davis	Davis	Davis	Moderate				5
Translations	Timezones	Antarctica	zone	Antarctica/DumontDUrville			0	//ldml/dates/timeZoneNames/zone[@type="Antarctica/DumontDUrville"]/exemplarCity		Dumont d’Urville	Dumont d’Urville	Dumont-d’Urville	Dumont-d’Urville	Moderate				5
Translations	Timezones	Australasia	zone	Antarctica/Macquarie			0	//ldml/dates/timeZoneNames/zone[@type="Antarctica/Macquarie"]/exemplarCity		Macquarie	Macquarie	Macquarie	Macquarie	Moderate				5
Translations	Timezones	Antarctica	zone	Antarctica/Mawson			0	//ldml/dates/timeZoneNames/zone[@type="Antarctica/Mawson"]/exemplarCity		Mawson	Mawson	Mawson	Mawson	Moderate				5
Translations	Timezones	Antarctica	zone	Antarctica/McMurdo			0	//ldml/dates/timeZoneNames/zone[@type="Antarctica/McMurdo"]/exemplarCity		McMurdo	McMurdo	McMurdo	McMurdo	Moderate				5
Translations	Timezones	Antarctica	zone	Antarctica/Palmer			0	//ldml/dates/timeZoneNames/zone[@type="Antarctica/Palmer"]/exemplarCity		Palmer	Palmer	Palmer	Palmer	Moderate				5
Translations	Timezones	Antarctica	zone	Antarctica/Rothera			0	//ldml/dates/timeZoneNames/zone[@type="Antarctica/Rothera"]/exemplarCity		Rothera	Rothera	Rothera	Rothera	Moderate				5
Translations	Timezones	Antarctica	zone	Antarctica/Syowa			0	//ldml/dates/timeZoneNames/zone[@type="Antarctica/Syowa"]/exemplarCity		Syowa	Syowa	Showa	Showa	Moderate				5
Translations	Timezones	Antarctica	zone	Antarctica/Troll			0	//ldml/dates/timeZoneNames/zone[@type="Antarctica/Troll"]/exemplarCity		Troll	Troll	Troll	Troll	Moderate				5
Translations	Timezones	Antarctica	zone	Antarctica/Vostok			0	//ldml/dates/timeZoneNames/zone[@type="Antarctica/Vostok"]/exemplarCity		Vostok	Vostok	Vostok	Vostok	Moderate				5
Translations	Timezones	Europe	zone	Arctic/Longyearbyen			0	//ldml/dates/timeZoneNames/zone[@type="Arctic/Longyearbyen"]/exemplarCity		Longyearbyen	Longyearbyen	Longyearbyen	Longyearbyen	Moderate				5
Translations	Timezones	WesternAsia	zone	Asia/Aden			0	//ldml/dates/timeZoneNames/zone[@type="Asia/Aden"]/exemplarCity		Aden	Aden	Aden	Aden	Moderate				5
Translations	Timezones	CentralAsia	zone	Asia/Almaty			0	//ldml/dates/timeZoneNames/zone[@type="Asia/Almaty"]/exemplarCity		Almaty	Almaty	Alma Ata	Alma Ata	Moderate				5
Translations	Timezones	WesternAsia	zone	Asia/Amman			0	//ldml/dates/timeZoneNames/zone[@type="Asia/Amman"]/exemplarCity		Amman	Amman	Amman	Amman	Moderate				5
Translations	Timezones	Russia	zone	Asia/Anadyr			0	//ldml/dates/timeZoneNames/zone[@type="Asia/Anadyr"]/exemplarCity		Anadyr	Anadyr	Anadyr	Anadyr	Moderate				5
Translations	Timezones	CentralAsia	zone	Asia/Aqtau			0	//ldml/dates/timeZoneNames/zone[@type="Asia/Aqtau"]/exemplarCity		Aqtau	Aqtau	Aktaou	Aktaou	Moderate				5
Translations	Timezones	CentralAsia	zone	Asia/Aqtobe			0	//ldml/dates/timeZoneNames/zone[@type="Asia/Aqtobe"]/exemplarCity		Aqtobe	Aqtobe	Aktioubinsk	Aktioubinsk	Moderate				5
Translations	Timezones	CentralAsia	zone	Asia/Ashgabat			0	//ldml/dates/timeZoneNames/zone[@type="Asia/Ashgabat"]/exemplarCity		Ashgabat	Ashgabat	Achgabat	Achgabat	Moderate				5
Translations	Timezones	CentralAsia	zone	Asia/Atyrau			0	//ldml/dates/timeZoneNames/zone[@type="Asia/Atyrau"]/exemplarCity		Atyrau	Atyrau	Atyraou	Atyraou	Moderate				5
Translations	Timezones	WesternAsia	zone	Asia/Baghdad			0	//ldml/dates/timeZoneNames/zone[@type="Asia/Baghdad"]/exemplarCity		Baghdad	Baghdad	Bagdad	Bagdad	Moderate				5
Translations	Timezones	WesternAsia	zone	Asia/Bahrain			0	//ldml/dates/timeZoneNames/zone[@type="Asia/Bahrain"]/exemplarCity		Bahrain	Bahrain	Bahreïn	Bahreïn	Moderate				5
Translations	Timezones	WesternAsia	zone	Asia/Baku			0	//ldml/dates/timeZoneNames/zone[@type="Asia/Baku"]/exemplarCity		Baku	Baku	Bakou	Bakou	Moderate				5
Translations	Timezones	SoutheastAsia	zone	Asia/Bangkok			0	//ldml/dates/timeZoneNames/zone[@type="Asia/Bangkok"]/exemplarCity		Bangkok	Bangkok	Bangkok	Bangkok	Moderate				5
Translations	Timezones	Russia	zone	Asia/Barnaul			0	//ldml/dates/timeZoneNames/zone[@type="Asia/Barnaul"]/exemplarCity		Barnaul	Barnaul	Barnaul	Barnaul	Moderate				5
Translations	Timezones	WesternAsia	zone	Asia/Beirut			0	//ldml/dates/timeZoneNames/zone[@type="Asia/Beirut"]/exemplarCity		Beirut	Beirut	Beyrouth	Beyrouth	Moderate				5
Translations	Timezones	CentralAsia	zone	Asia/Bishkek			0	//ldml/dates/timeZoneNames/zone[@type="Asia/Bishkek"]/exemplarCity		Bishkek	Bishkek	Bichkek	Bichkek	Moderate				5
Translations	Timezones	SoutheastAsia	zone	Asia/Brunei			0	//ldml/dates/timeZoneNames/zone[@type="Asia/Brunei"]/exemplarCity		Brunei	Brunei	Brunei	Brunei	Moderate				5
Translations	Timezones	SouthernAsia	zone	Asia/Calcutta			0	//ldml/dates/timeZoneNames/zone[@type="Asia/Calcutta"]/exemplarCity		Kolkata	Kolkata	Calcutta	Calcutta	Moderate				5
Translations	Timezones	Russia	zone	Asia/Chita			0	//ldml/dates/timeZoneNames/zone[@type="Asia/Chita"]/exemplarCity		Chita	Chita	Tchita	Tchita	Moderate				5
Translations	Timezones	SouthernAsia	zone	Asia/Colombo			0	//ldml/dates/timeZoneNames/zone[@type="Asia/Colombo"]/exemplarCity		Colombo	Colombo	Colombo	Colombo	Moderate				5
Translations	Timezones	WesternAsia	zone	Asia/Damascus			0	//ldml/dates/timeZoneNames/zone[@type="Asia/Damascus"]/exemplarCity		Damascus	Damascus	Damas	Damas	Moderate				5
Translations	Timezones	SouthernAsia	zone	Asia/Dhaka			0	//ldml/dates/timeZoneNames/zone[@type="Asia/Dhaka"]/exemplarCity		Dhaka	Dhaka	Dhaka	Dhaka	Moderate				5
Translations	Timezones	SoutheastAsia	zone	Asia/Dili			0	//ldml/dates/timeZoneNames/zone[@type="Asia/Dili"]/exemplarCity		Dili	Dili	Dili	Dili	Moderate				5
Translations	Timezones	WesternAsia	zone	Asia/Dubai			0	//ldml/dates/timeZoneNames/zone[@type="Asia/Dubai"]/exemplarCity		Dubai	Dubai	Dubaï	Dubaï	Moderate				5
Translations	Timezones	CentralAsia	zone	Asia/Dushanbe			0	//ldml/dates/timeZoneNames/zone[@type="Asia/Dushanbe"]/exemplarCity		Dushanbe	Dushanbe	Douchanbé	Douchanbé	Moderate				5
Translations	Timezones	WesternAsia	zone	Asia/Famagusta			0	//ldml/dates/timeZoneNames/zone[@type="Asia/Famagusta"]/exemplarCity		Famagusta	Famagusta	Famagouste	Famagouste	Moderate				5
Translations	Timezones	WesternAsia	zone	Asia/Gaza			0	//ldml/dates/timeZoneNames/zone[@type="Asia/Gaza"]/exemplarCity		Gaza	Gaza	Gaza	Gaza	Moderate				5
Translations	Timezones	WesternAsia	zone	Asia/Hebron			0	//ldml/dates/timeZoneNames/zone[@type="Asia/Hebron"]/exemplarCity		Hebron	Hebron	Hébron	Hébron	Moderate				5
Translations	Timezones	EasternAsia	zone	Asia/Hong_Kong			0	//ldml/dates/timeZoneNames/zone[@type="Asia/Hong_Kong"]/exemplarCity		Hong Kong	Hong Kong	Hong Kong	Hong Kong	Moderate				5
Translations	Timezones	EasternAsia	zone	Asia/Hovd			0	//ldml/dates/timeZoneNames/zone[@type="Asia/Hovd"]/exemplarCity		Hovd	Hovd	Hovd	Hovd	Moderate				5
Translations	Timezones	Russia	zone	Asia/Irkutsk			0	//ldml/dates/timeZoneNames/zone[@type="Asia/Irkutsk"]/exemplarCity		Irkutsk	Irkutsk	Irkoutsk	Irkoutsk	Moderate				5
Translations	Timezones	SoutheastAsia	zone	Asia/Jakarta			0	//ldml/dates/timeZoneNames/zone[@type="Asia/Jakarta"]/exemplarCity		Jakarta	Jakarta	Jakarta	Jakarta	Moderate				5
Translations	Timezones	SoutheastAsia	zone	Asia/Jayapura			0	//ldml/dates/timeZoneNames/zone[@type="Asia/Jayapura"]/exemplarCity		Jayapura	Jayapura	Jayapura	Jayapura	Moderate				5
Translations	Timezones	WesternAsia	zone	Asia/Jerusalem			0	//ldml/dates/timeZoneNames/zone[@type="Asia/Jerusalem"]/exemplarCity		Jerusalem	Jerusalem	Jérusalem	Jérusalem	Moderate				5
Translations	Timezones	SouthernAsia	zone	Asia/Kabul			0	//ldml/dates/timeZoneNames/zone[@type="Asia/Kabul"]/exemplarCity		Kabul	Kabul	Kaboul	Kaboul	Moderate				5
Translations	Timezones	Russia	zone	Asia/Kamchatka			0	//ldml/dates/timeZoneNames/zone[@type="Asia/Kamchatka"]/exemplarCity		Kamchatka	Kamchatka	Kamtchatka	Kamtchatka	Moderate				5
Translations	Timezones	SouthernAsia	zone	Asia/Karachi			0	//ldml/dates/timeZoneNames/zone[@type="Asia/Karachi"]/exemplarCity		Karachi	Karachi	Karachi	Karachi	Moderate				5
Translations	Timezones	SouthernAsia	zone	Asia/Katmandu			0	//ldml/dates/timeZoneNames/zone[@type="Asia/Katmandu"]/exemplarCity		Kathmandu	Kathmandu	Katmandou	Katmandou	Moderate				5
Translations	Timezones	Russia	zone	Asia/Khandyga			0	//ldml/dates/timeZoneNames/zone[@type="Asia/Khandyga"]/exemplarCity		Khandyga	Khandyga	Khandyga	Khandyga	Moderate				5
Translations	Timezones	Russia	zone	Asia/Krasnoyarsk			0	//ldml/dates/timeZoneNames/zone[@type="Asia/Krasnoyarsk"]/exemplarCity		Krasnoyarsk	Krasnoyarsk	Krasnoïarsk	Krasnoïarsk	Moderate				5
Translations	Timezones	SoutheastAsia	zone	Asia/Kuala_Lumpur			0	//ldml/dates/timeZoneNames/zone[@type="Asia/Kuala_Lumpur"]/exemplarCity		Kuala Lumpur	Kuala Lumpur	Kuala Lumpur	Kuala Lumpur	Moderate				5
Translations	Timezones	SoutheastAsia	zone	Asia/Kuching			0	//ldml/dates/timeZoneNames/zone[@type="Asia/Kuching"]/exemplarCity		Kuching	Kuching	Kuching	Kuching	Moderate				5
Translations	Timezones	WesternAsia	zone	Asia/Kuwait			0	//ldml/dates/timeZoneNames/zone[@type="Asia/Kuwait"]/exemplarCity		Kuwait	Kuwait	Koweït	Koweït	Moderate				5
Translations	Timezones	EasternAsia	zone	Asia/Macau			0	//ldml/dates/timeZoneNames/zone[@type="Asia/Macau"]/exemplarCity		Macao	Macao	Macao	Macao	Moderate				5
Translations	Timezones	Russia	zone	Asia/Magadan			0	//ldml/dates/timeZoneNames/zone[@type="Asia/Magadan"]/exemplarCity		Magadan	Magadan	Magadan	Magadan	Moderate				5
Translations	Timezones	SoutheastAsia	zone	Asia/Makassar			0	//ldml/dates/timeZoneNames/zone[@type="Asia/Makassar"]/exemplarCity		Makassar	Makassar	Macassar	Macassar	Moderate				5
Translations	Timezones	SoutheastAsia	zone	Asia/Manila			0	//ldml/dates/timeZoneNames/zone[@type="Asia/Manila"]/exemplarCity		Manila	Manila	Manille	Manille	Moderate				5
Translations	Timezones	WesternAsia	zone	Asia/Muscat			0	//ldml/dates/timeZoneNames/zone[@type="Asia/Muscat"]/exemplarCity		Muscat	Muscat	Mascate	Mascate	Moderate				5
Translations	Timezones	WesternAsia	zone	Asia/Nicosia			0	//ldml/dates/timeZoneNames/zone[@type="Asia/Nicosia"]/exemplarCity		Nicosia	Nicosia	Nicosie	Nicosie	Moderate				5
Translations	Timezones	Russia	zone	Asia/Novokuznetsk			0	//ldml/dates/timeZoneNames/zone[@type="Asia/Novokuznetsk"]/exemplarCity		Novokuznetsk	Novokuznetsk	Novokuznetsk	Novokuznetsk	Moderate				5
Translations	Timezones	Russia	zone	Asia/Novosibirsk			0	//ldml/dates/timeZoneNames/zone[@type="Asia/Novosibirsk"]/exemplarCity		Novosibirsk	Novosibirsk	Novossibirsk	Novossibirsk	Moderate				5
Translations	Timezones	Russia	zone	Asia/Omsk			0	//ldml/dates/timeZoneNames/zone[@type="Asia/Omsk"]/exemplarCity		Omsk	Omsk	Omsk	Omsk	Moderate				5
Translations	Timezones	CentralAsia	zone	Asia/Oral			0	//ldml/dates/timeZoneNames/zone[@type="Asia/Oral"]/exemplarCity		Oral	Oral	Ouralsk	Ouralsk	Moderate				5
Translations	Timezones	SoutheastAsia	zone	Asia/Phnom_Penh			0	//ldml/dates/timeZoneNames/zone[@type="Asia/Phnom_Penh"]/exemplarCity		Phnom Penh	Phnom Penh	Phnom Penh	Phnom Penh	Moderate				5
Translations	Timezones	SoutheastAsia	zone	Asia/Pontianak			0	//ldml/dates/timeZoneNames/zone[@type="Asia/Pontianak"]/exemplarCity		Pontianak	Pontianak	Pontianak	Pontianak	Moderate				5
Translations	Timezones	EasternAsia	zone	Asia/Pyongyang			0	//ldml/dates/timeZoneNames/zone[@type="Asia/Pyongyang"]/exemplarCity		Pyongyang	Pyongyang	Pyongyang	Pyongyang	Moderate				5
Translations	Timezones	WesternAsia	zone	Asia/Qatar			0	//ldml/dates/timeZoneNames/zone[@type="Asia/Qatar"]/exemplarCity		Qatar	Qatar	Qatar	Qatar	Moderate				5
Translations	Timezones	CentralAsia	zone	Asia/Qostanay			0	//ldml/dates/timeZoneNames/zone[@type="Asia/Qostanay"]/exemplarCity		Kostanay	Kostanay	Kostanaï	Kostanaï	Moderate				5
Translations	Timezones	CentralAsia	zone	Asia/Qyzylorda			0	//ldml/dates/timeZoneNames/zone[@type="Asia/Qyzylorda"]/exemplarCity		Qyzylorda	Qyzylorda	Kzyl Orda	Kzyl Orda	Moderate				5
Translations	Timezones	SoutheastAsia	zone	Asia/Rangoon			0	//ldml/dates/timeZoneNames/zone[@type="Asia/Rangoon"]/exemplarCity		Yangon	Yangon	Rangoun	Rangoun	Moderate				5
Translations	Timezones	WesternAsia	zone	Asia/Riyadh			0	//ldml/dates/timeZoneNames/zone[@type="Asia/Riyadh"]/exemplarCity		Riyadh	Riyadh	Riyad	Riyad	Moderate				5
Translations	Timezones	SoutheastAsia	zone	Asia/Saigon			0	//ldml/dates/timeZoneNames/zone[@type="Asia/Saigon"]/exemplarCity		Ho Chi Minh City	Ho Chi Minh City	Hô-Chi-Minh-Ville	Hô-Chi-Minh-Ville	Moderate				5
Translations	Timezones	Russia	zone	Asia/Sakhalin			0	//ldml/dates/timeZoneNames/zone[@type="Asia/Sakhalin"]/exemplarCity		Sakhalin	Sakhalin	Sakhaline	Sakhaline	Moderate				5
Translations	Timezones	CentralAsia	zone	Asia/Samarkand			0	//ldml/dates/timeZoneNames/zone[@type="Asia/Samarkand"]/exemplarCity		Samarkand	Samarkand	Samarcande	Samarcande	Moderate				5
Translations	Timezones	EasternAsia	zone	Asia/Seoul			0	//ldml/dates/timeZoneNames/zone[@type="Asia/Seoul"]/exemplarCity		Seoul	Seoul	Séoul	Séoul	Moderate				5
Translations	Timezones	EasternAsia	zone	Asia/Shanghai			0	//ldml/dates/timeZoneNames/zone[@type="Asia/Shanghai"]/exemplarCity		Shanghai	Shanghai	Shanghai	Shanghai	Moderate				5
Translations	Timezones	SoutheastAsia	zone	Asia/Singapore			0	//ldml/dates/timeZoneNames/zone[@type="Asia/Singapore"]/exemplarCity		Singapore	Singapore	Singapour	Singapour	Moderate				5
Translations	Timezones	Russia	zone	Asia/Srednekolymsk			0	//ldml/dates/timeZoneNames/zone[@type="Asia/Srednekolymsk"]/exemplarCity		Srednekolymsk	Srednekolymsk	Srednekolymsk	Srednekolymsk	Moderate				5
Translations	Timezones	EasternAsia	zone	Asia/Taipei			0	//ldml/dates/timeZoneNames/zone[@type="Asia/Taipei"]/exemplarCity		Taipei	Taipei	Taipei	Taipei	Moderate				5
Translations	Timezones	CentralAsia	zone	Asia/Tashkent			0	//ldml/dates/timeZoneNames/zone[@type="Asia/Tashkent"]/exemplarCity		Tashkent	Tashkent	Tachkent	Tachkent	Moderate				5
Translations	Timezones	WesternAsia	zone	Asia/Tbilisi			0	//ldml/dates/timeZoneNames/zone[@type="Asia/Tbilisi"]/exemplarCity		Tbilisi	Tbilisi	Tbilissi	Tbilissi	Moderate				5
Translations	Timezones	SouthernAsia	zone	Asia/Tehran			0	//ldml/dates/timeZoneNames/zone[@type="Asia/Tehran"]/exemplarCity		Tehran	Tehran	Téhéran	Téhéran	Moderate				5
Translations	Timezones	SouthernAsia	zone	Asia/Thimphu			0	//ldml/dates/timeZoneNames/zone[@type="Asia/Thimphu"]/exemplarCity		Thimphu	Thimphu	Thimphu	Thimphu	Moderate				5
Translations	Timezones	EasternAsia	zone	Asia/Tokyo			0	//ldml/dates/timeZoneNames/zone[@type="Asia/Tokyo"]/exemplarCity		Tokyo	Tokyo	Tokyo	Tokyo	Moderate				5
Translations	Timezones	Russia	zone	Asia/Tomsk			0	//ldml/dates/timeZoneNames/zone[@type="Asia/Tomsk"]/exemplarCity		Tomsk	Tomsk	Tomsk	Tomsk	Moderate				5
Translations	Timezones	EasternAsia	zone	Asia/Ulaanbaatar			0	//ldml/dates/timeZoneNames/zone[@type="Asia/Ulaanbaatar"]/exemplarCity		Ulaanbaatar	Ulaanbaatar	Oulan-Bator	Oulan-Bator	Moderate				5
Translations	Timezones	EasternAsia	zone	Asia/Urumqi			0	//ldml/dates/timeZoneNames/zone[@type="Asia/Urumqi"]/exemplarCity		Urumqi	Urumqi	Ürümqi	Ürümqi	Moderate				5
Translations	Timezones	Russia	zone	Asia/Ust-Nera			0	//ldml/dates/timeZoneNames/zone[@type="Asia/Ust-Nera"]/exemplarCity		Ust-Nera	Ust-Nera	Ust-Nera	Ust-Nera	Moderate				5
Translations	Timezones	SoutheastAsia	zone	Asia/Vientiane			0	//ldml/dates/timeZoneNames/zone[@type="Asia/Vientiane"]/exemplarCity		Vientiane	Vientiane	Vientiane	Vientiane	Moderate				5
Translations	Timezones	Russia	zone	Asia/Vladivostok			0	//ldml/dates/timeZoneNames/zone[@type="Asia/Vladivostok"]/exemplarCity		Vladivostok	Vladivostok	Vladivostok	Vladivostok	Moderate				5
Translations	Timezones	Russia	zone	Asia/Yakutsk			0	//ldml/dates/timeZoneNames/zone[@type="Asia/Yakutsk"]/exemplarCity		Yakutsk	Yakutsk	Iakoutsk	Iakoutsk	Moderate				5
Translations	Timezones	Russia	zone	Asia/Yekaterinburg			0	//ldml/dates/timeZoneNames/zone[@type="Asia/Yekaterinburg"]/exemplarCity		Yekaterinburg	Yekaterinburg	Ekaterinbourg	Ekaterinbourg	Moderate				5
Translations	Timezones	WesternAsia	zone	Asia/Yerevan			0	//ldml/dates/timeZoneNames/zone[@type="Asia/Yerevan"]/exemplarCity		Yerevan	Yerevan	Erevan	Erevan	Moderate				5
Translations	Timezones	Europe	zone	Atlantic/Azores			0	//ldml/dates/timeZoneNames/zone[@type="Atlantic/Azores"]/exemplarCity		Azores	Azores	Açores	Açores	Moderate				5
Translations	Timezones	NorthAmerica	zone	Atlantic/Bermuda			0	//ldml/dates/timeZoneNames/zone[@type="Atlantic/Bermuda"]/exemplarCity		Bermuda	Bermuda	Bermudes	Bermudes	Moderate				5
Translations	Timezones	Europe	zone	Atlantic/Canary			0	//ldml/dates/timeZoneNames/zone[@type="Atlantic/Canary"]/exemplarCity		Canary	Canary	Îles Canaries	Îles Canaries	Moderate				5
Translations	Timezones	Africa	zone	Atlantic/Cape_Verde			0	//ldml/dates/timeZoneNames/zone[@type="Atlantic/Cape_Verde"]/exemplarCity		Cape Verde	Cape Verde	Cap-Vert	Cap-Vert	Moderate				5
Translations	Timezones	Europe	zone	Atlantic/Faeroe			0	//ldml/dates/timeZoneNames/zone[@type="Atlantic/Faeroe"]/exemplarCity		Faroe	Faroe	Îles Féroé	Îles Féroé	Moderate				5
Translations	Timezones	Europe	zone	Atlantic/Madeira			0	//ldml/dates/timeZoneNames/zone[@type="Atlantic/Madeira"]/exemplarCity		Madeira	Madeira	Madère	Madère	Moderate				5
Translations	Timezones	Europe	zone	Atlantic/Reykjavik			0	//ldml/dates/timeZoneNames/zone[@type="Atlantic/Reykjavik"]/exemplarCity		Reykjavik	Reykjavik	Reykjavik	Reykjavik	Moderate				5
Translations	Timezones	SouthAmerica	zone	Atlantic/South_Georgia			0	//ldml/dates/timeZoneNames/zone[@type="Atlantic/South_Georgia"]/exemplarCity		South Georgia	South Georgia	Géorgie du Sud	Géorgie du Sud	Moderate				5
Translations	Timezones	Africa	zone	Atlantic/St_Helena			0	//ldml/dates/timeZoneNames/zone[@type="Atlantic/St_Helena"]/exemplarCity		St. Helena	St. Helena	Sainte-Hélène	Sainte-Hélène	Moderate				5
Translations	Timezones	SouthAmerica	zone	Atlantic/Stanley			0	//ldml/dates/timeZoneNames/zone[@type="Atlantic/Stanley"]/exemplarCity		Stanley	Stanley	Stanley	Stanley	Moderate				5
Translations	Timezones	Australasia	zone	Australia/Adelaide			0	//ldml/dates/timeZoneNames/zone[@type="Australia/Adelaide"]/exemplarCity		Adelaide	Adelaide	Adélaïde	Adélaïde	Moderate				5
Translations	Timezones	Australasia	zone	Australia/Brisbane			0	//ldml/dates/timeZoneNames/zone[@type="Australia/Brisbane"]/exemplarCity		Brisbane	Brisbane	Brisbane	Brisbane	Moderate				5
Translations	Timezones	Australasia	zone	Australia/Broken_Hill			0	//ldml/dates/timeZoneNames/zone[@type="Australia/Broken_Hill"]/exemplarCity		Broken Hill	Broken Hill	Broken Hill	Broken Hill	Moderate				5
Translations	Timezones	Australasia	zone	Australia/Darwin			0	//ldml/dates/timeZoneNames/zone[@type="Australia/Darwin"]/exemplarCity		Darwin	Darwin	Darwin	Darwin	Moderate				5
Translations	Timezones	Australasia	zone	Australia/Eucla			0	//ldml/dates/timeZoneNames/zone[@type="Australia/Eucla"]/exemplarCity		Eucla	Eucla	Eucla	Eucla	Moderate				5
Translations	Timezones	Australasia	zone	Australia/Hobart			0	//ldml/dates/timeZoneNames/zone[@type="Australia/Hobart"]/exemplarCity		Hobart	Hobart	Hobart	Hobart	Moderate				5
Translations	Timezones	Australasia	zone	Australia/Lindeman			0	//ldml/dates/timeZoneNames/zone[@type="Australia/Lindeman"]/exemplarCity		Lindeman	Lindeman	Lindeman	Lindeman	Moderate				5
Translations	Timezones	Australasia	zone	Australia/Lord_Howe			0	//ldml/dates/timeZoneNames/zone[@type="Australia/Lord_Howe"]/exemplarCity		Lord Howe	Lord Howe	Lord Howe	Lord Howe	Moderate				5
Translations	Timezones	Australasia	zone	Australia/Melbourne			0	//ldml/dates/timeZoneNames/zone[@type="Australia/Melbourne"]/exemplarCity		Melbourne	Melbourne	Melbourne	Melbourne	Moderate				5
Translations	Timezones	Australasia	zone	Australia/Perth			0	//ldml/dates/timeZoneNames/zone[@type="Australia/Perth"]/exemplarCity		Perth	Perth	Perth	Perth	Moderate				5
Translations	Timezones	Australasia	zone	Australia/Sydney			0	//ldml/dates/timeZoneNames/zone[@type="Australia/Sydney"]/exemplarCity		Sydney	Sydney	Sydney	Sydney	Moderate				5
Translations	Timezones	Other	zone	Etc/Unknown			0	//ldml/dates/timeZoneNames/zone[@type="Etc/Unknown"]/exemplarCity		Unknown City	Unknown City	ville inconnue	ville inconnue	Moderate				5
Translations	Timezones	Other	zone	Etc/UTC		standard	0	//ldml/dates/timeZoneNames/zone[@type="Etc/UTC"]/long/standard		Coordinated Universal Time	Coordinated Universal Time	temps universel coordonné	temps universel coordonné	Moderate				5
Translations	Timezones	Europe	zone	Europe/Amsterdam			0	//ldml/dates/timeZoneNames/zone[@type="Europe/Amsterdam"]/exemplarCity		Amsterdam	Amsterdam	Amsterdam	Amsterdam	Moderate				5
Translations	Timezones	Europe	zone	Europe/Andorra			0	//ldml/dates/timeZoneNames/zone[@type="Europe/Andorra"]/exemplarCity		Andorra	Andorra	Andorre	Andorre	Moderate				5
Translations	Timezones	Russia	zone	Europe/Astrakhan			0	//ldml/dates/timeZoneNames/zone[@type="Europe/Astrakhan"]/exemplarCity		Astrakhan	Astrakhan	Astrakhan	Astrakhan	Moderate				5
Translations	Timezones	Europe	zone	Europe/Athens			0	//ldml/dates/timeZoneNames/zone[@type="Europe/Athens"]/exemplarCity		Athens	Athens	Athènes	Athènes	Moderate				5
Translations	Timezones	Europe	zone	Europe/Belgrade			0	//ldml/dates/timeZoneNames/zone[@type="Europe/Belgrade"]/exemplarCity		Belgrade	Belgrade	Belgrade	Belgrade	Moderate				5
Translations	Timezones	Europe	zone	Europe/Berlin			0	//ldml/dates/timeZoneNames/zone[@type="Europe/Berlin"]/exemplarCity		Berlin	Berlin	Berlin	Berlin	Moderate				5
Translations	Timezones	Europe	zone	Europe/Bratislava			0	//ldml/dates/timeZoneNames/zone[@type="Europe/Bratislava"]/exemplarCity		Bratislava	Bratislava	Bratislava	Bratislava	Moderate				5
Translations	Timezones	Europe	zone	Europe/Brussels			0	//ldml/dates/timeZoneNames/zone[@type="Europe/Brussels"]/exemplarCity		Brussels	Brussels	Bruxelles	Bruxelles	Moderate				5
Translations	Timezones	Europe	zone	Europe/Bucharest			0	//ldml/dates/timeZoneNames/zone[@type="Europe/Bucharest"]/exemplarCity		Bucharest	Bucharest	Bucarest	Bucarest	Moderate				5
Translations	Timezones	Europe	zone	Europe/Budapest			0	//ldml/dates/timeZoneNames/zone[@type="Europe/Budapest"]/exemplarCity		Budapest	Budapest	Budapest	Budapest	Moderate				5
Translations	Timezones	Europe	zone	Europe/Busingen			0	//ldml/dates/timeZoneNames/zone[@type="Europe/Busingen"]/exemplarCity		Busingen	Busingen	Büsingen	Büsingen	Moderate				5
Translations	Timezones	Europe	zone	Europe/Chisinau			0	//ldml/dates/timeZoneNames/zone[@type="Europe/Chisinau"]/exemplarCity		Chisinau	Chisinau	Chisinau	Chisinau	Moderate				5
Translations	Timezones	Europe	zone	Europe/Copenhagen			0	//ldml/dates/timeZoneNames/zone[@type="Europe/Copenhagen"]/exemplarCity		Copenhagen	Copenhagen	Copenhague	Copenhague	Moderate				5
Translations	Timezones	Europe	zone	Europe/Dublin			0	//ldml/dates/timeZoneNames/zone[@type="Europe/Dublin"]/exemplarCity		Dublin	Dublin	Dublin	Dublin	Moderate				5
Translations	Timezones	Europe	zone	Europe/Dublin		daylight	0	//ldml/dates/timeZoneNames/zone[@type="Europe/Dublin"]/long/daylight		Irish Standard Time	Irish Standard Time	heure d’été irlandaise	heure d’été irlandaise	Moderate				5
Translations	Timezones	Europe	zone	Europe/Gibraltar			0	//ldml/dates/timeZoneNames/zone[@type="Europe/Gibraltar"]/exemplarCity		Gibraltar	Gibraltar	Gibraltar	Gibraltar	Moderate				5
Translations	Timezones	Europe	zone	Europe/Guernsey			0	//ldml/dates/timeZoneNames/zone[@type="Europe/Guernsey"]/exemplarCity		Guernsey	Guernsey	Guernesey	Guernesey	Moderate				5
Translations	Timezones	Europe	zone	Europe/Helsinki			0	//ldml/dates/timeZoneNames/zone[@type="Europe/Helsinki"]/exemplarCity		Helsinki	Helsinki	Helsinki	Helsinki	Moderate				5
Translations	Timezones	Europe	zone	Europe/Isle_of_Man			0	//ldml/dates/timeZoneNames/zone[@type="Europe/Isle_of_Man"]/exemplarCity		Isle of Man	Isle of Man	Île de Man	Île de Man	Moderate				5
Translations	Timezones	WesternAsia	zone	Europe/Istanbul			0	//ldml/dates/timeZoneNames/zone[@type="Europe/Istanbul"]/exemplarCity		Istanbul	Istanbul	Istanbul	Istanbul	Moderate				5
Translations	Timezones	Europe	zone	Europe/Jersey			0	//ldml/dates/timeZoneNames/zone[@type="Europe/Jersey"]/exemplarCity		Jersey	Jersey	Jersey	Jersey	Moderate				5
Translations	Timezones	Russia	zone	Europe/Kaliningrad			0	//ldml/dates/timeZoneNames/zone[@type="Europe/Kaliningrad"]/exemplarCity		Kaliningrad	Kaliningrad	Kaliningrad	Kaliningrad	Moderate				5
Translations	Timezones	Europe	zone	Europe/Kiev			0	//ldml/dates/timeZoneNames/zone[@type="Europe/Kiev"]/exemplarCity		Kyiv	Kyiv	Kiev	Kiev	Moderate				5
Translations	Timezones	Russia	zone	Europe/Kirov			0	//ldml/dates/timeZoneNames/zone[@type="Europe/Kirov"]/exemplarCity		Kirov	Kirov	Kirov	Kirov	Moderate				5
Translations	Timezones	Europe	zone	Europe/Lisbon			0	//ldml/dates/timeZoneNames/zone[@type="Europe/Lisbon"]/exemplarCity		Lisbon	Lisbon	Lisbonne	Lisbonne	Moderate				5
Translations	Timezones	Europe	zone	Europe/Ljubljana			0	//ldml/dates/timeZoneNames/zone[@type="Europe/Ljubljana"]/exemplarCity		Ljubljana	Ljubljana	Ljubljana	Ljubljana	Moderate				5
Translations	Timezones	Europe	zone	Europe/London			0	//ldml/dates/timeZoneNames/zone[@type="Europe/London"]/exemplarCity		London	London	Londres	Londres	Moderate				5
Translations	Timezones	Europe	zone	Europe/London		daylight	0	//ldml/dates/timeZoneNames/zone[@type="Europe/London"]/long/daylight		British Summer Time	British Summer Time	heure d’été britannique	heure d’été britannique	Moderate				5
Translations	Timezones	Europe	zone	Europe/Luxembourg			0	//ldml/dates/timeZoneNames/zone[@type="Europe/Luxembourg"]/exemplarCity		Luxembourg	Luxembourg	Luxembourg	Luxembourg	Moderate				5
Translations	Timezones	Europe	zone	Europe/Madrid			0	//ldml/dates/timeZoneNames/zone[@type="Europe/Madrid"]/exemplarCity		Madrid	Madrid	Madrid	Madrid	Moderate				5
Translations	Timezones	Europe	zone	Europe/Malta			0	//ldml/dates/timeZoneNames/zone[@type="Europe/Malta"]/exemplarCity		Malta	Malta	Malte	Malte	Moderate				5
Translations	Timezones	Europe	zone	Europe/Mariehamn			0	//ldml/dates/timeZoneNames/zone[@type="Europe/Mariehamn"]/exemplarCity		Mariehamn	Mariehamn	Mariehamn	Mariehamn	Moderate				5
Translations	Timezones	Europe	zone	Europe/Minsk			0	//ldml/dates/timeZoneNames/zone[@type="Europe/Minsk"]/exemplarCity		Minsk	Minsk	Minsk	Minsk	Moderate				5
Translations	Timezones	Europe	zone	Europe/Monaco			0	//ldml/dates/timeZoneNames/zone[@type="Europe/Monaco"]/exemplarCity		Monaco	Monaco	Monaco	Monaco	Moderate				5
Translations	Timezones	Russia	zone	Europe/Moscow			0	//ldml/dates/timeZoneNames/zone[@type="Europe/Moscow"]/exemplarCity		Moscow	Moscow	Moscou	Moscou	Moderate				5
Translations	Timezones	Europe	zone	Europe/Oslo			0	//ldml/dates/timeZoneNames/zone[@type="Europe/Oslo"]/exemplarCity		Oslo	Oslo	Oslo	Oslo	Moderate				5
Translations	Timezones	Europe	zone	Europe/Paris			0	//ldml/dates/timeZoneNames/zone[@type="Europe/Paris"]/exemplarCity		Paris	Paris	Paris	Paris	Moderate				5
Translations	Timezones	Europe	zone	Europe/Podgorica			0	//ldml/dates/timeZoneNames/zone[@type="Europe/Podgorica"]/exemplarCity		Podgorica	Podgorica	Podgorica	Podgorica	Moderate				5
Translations	Timezones	Europe	zone	Europe/Prague			0	//ldml/dates/timeZoneNames/zone[@type="Europe/Prague"]/exemplarCity		Prague	Prague	Prague	Prague	Moderate				5
Translations	Timezones	Europe	zone	Europe/Riga			0	//ldml/dates/timeZoneNames/zone[@type="Europe/Riga"]/exemplarCity		Riga	Riga	Riga	Riga	Moderate				5
Translations	Timezones	Europe	zone	Europe/Rome			0	//ldml/dates/timeZoneNames/zone[@type="Europe/Rome"]/exemplarCity		Rome	Rome	Rome	Rome	Moderate				5
Translations	Timezones	Russia	zone	Europe/Samara			0	//ldml/dates/timeZoneNames/zone[@type="Europe/Samara"]/exemplarCity		Samara	Samara	Samara	Samara	Moderate				5
Translations	Timezones	Europe	zone	Europe/San_Marino			0	//ldml/dates/timeZoneNames/zone[@type="Europe/San_Marino"]/exemplarCity		San Marino	San Marino	Saint-Marin	Saint-Marin	Moderate				5
Translations	Timezones	Europe	zone	Europe/Sarajevo			0	//ldml/dates/timeZoneNames/zone[@type="Europe/Sarajevo"]/exemplarCity		Sarajevo	Sarajevo	Sarajevo	Sarajevo	Moderate				5
Translations	Timezones	Russia	zone	Europe/Saratov			0	//ldml/dates/timeZoneNames/zone[@type="Europe/Saratov"]/exemplarCity		Saratov	Saratov	Saratov	Saratov	Moderate				5
Translations	Timezones	Europe	zone	Europe/Simferopol			0	//ldml/dates/timeZoneNames/zone[@type="Europe/Simferopol"]/exemplarCity		Simferopol	Simferopol	Simferopol	Simferopol	Moderate				5
Translations	Timezones	Europe	zone	Europe/Skopje			0	//ldml/dates/timeZoneNames/zone[@type="Europe/Skopje"]/exemplarCity		Skopje	Skopje	Skopje	Skopje	Moderate				5
Translations	Timezones	Europe	zone	Europe/Sofia			0	//ldml/dates/timeZoneNames/zone[@type="Europe/Sofia"]/exemplarCity		Sofia	Sofia	Sofia	Sofia	Moderate				5
Translations	Timezones	Europe	zone	Europe/Stockholm			0	//ldml/dates/timeZoneNames/zone[@type="Europe/Stockholm"]/exemplarCity		Stockholm	Stockholm	Stockholm	Stockholm	Moderate				5
Translations	Timezones	Europe	zone	Europe/Tallinn			0	//ldml/dates/timeZoneNames/zone[@type="Europe/Tallinn"]/exemplarCity		Tallinn	Tallinn	Tallinn	Tallinn	Moderate				5
Translations	Timezones	Europe	zone	Europe/Tirane			0	//ldml/dates/timeZoneNames/zone[@type="Europe/Tirane"]/exemplarCity		Tirane	Tirane	Tirana	Tirana	Moderate				5
Translations	Timezones	Russia	zone	Europe/Ulyanovsk			0	//ldml/dates/timeZoneNames/zone[@type="Europe/Ulyanovsk"]/exemplarCity		Ulyanovsk	Ulyanovsk	Oulianovsk	Oulianovsk	Moderate				5
Translations	Timezones	Europe	zone	Europe/Vaduz			0	//ldml/dates/timeZoneNames/zone[@type="Europe/Vaduz"]/exemplarCity		Vaduz	Vaduz	Vaduz	Vaduz	Moderate				5
Translations	Timezones	Europe	zone	Europe/Vatican			0	//ldml/dates/timeZoneNames/zone[@type="Europe/Vatican"]/exemplarCity		Vatican	Vatican	Le Vatican	Le Vatican	Moderate				5
Translations	Timezones	Europe	zone	Europe/Vienna			0	//ldml/dates/timeZoneNames/zone[@type="Europe/Vienna"]/exemplarCity		Vienna	Vienna	Vienne	Vienne	Moderate				5
Translations	Timezones	Europe	zone	Europe/Vilnius			0	//ldml/dates/timeZoneNames/zone[@type="Europe/Vilnius"]/exemplarCity		Vilnius	Vilnius	Vilnius	Vilnius	Moderate				5
Translations	Timezones	Russia	zone	Europe/Volgograd			0	//ldml/dates/timeZoneNames/zone[@type="Europe/Volgograd"]/exemplarCity		Volgograd	Volgograd	Volgograd	Volgograd	Moderate				5
Translations	Timezones	Europe	zone	Europe/Warsaw			0	//ldml/dates/timeZoneNames/zone[@type="Europe/Warsaw"]/exemplarCity		Warsaw	Warsaw	Varsovie	Varsovie	Moderate				5
Translations	Timezones	Europe	zone	Europe/Zagreb			0	//ldml/dates/timeZoneNames/zone[@type="Europe/Zagreb"]/exemplarCity		Zagreb	Zagreb	Zagreb	Zagreb	Moderate				5
Translations	Timezones	Europe	zone	Europe/Zurich			0	//ldml/dates/timeZoneNames/zone[@type="Europe/Zurich"]/exemplarCity		Zurich	Zurich	Zurich	Zurich	Moderate				5
Translations	Timezones	Africa	zone	Indian/Antananarivo			0	//ldml/dates/timeZoneNames/zone[@type="Indian/Antananarivo"]/exemplarCity		Antananarivo	Antananarivo	Antananarivo	Antananarivo	Moderate				5
Translations	Timezones	Africa	zone	Indian/Chagos			0	//ldml/dates/timeZoneNames/zone[@type="Indian/Chagos"]/exemplarCity		Chagos	Chagos	Chagos	Chagos	Moderate				5
Translations	Timezones	Australasia	zone	Indian/Christmas			0	//ldml/dates/timeZoneNames/zone[@type="Indian/Christmas"]/exemplarCity		Christmas	Christmas	Christmas	Christmas	Moderate				5
Translations	Timezones	Australasia	zone	Indian/Cocos			0	//ldml/dates/timeZoneNames/zone[@type="Indian/Cocos"]/exemplarCity		Cocos	Cocos	Cocos	Cocos	Moderate				5
Translations	Timezones	Africa	zone	Indian/Comoro			0	//ldml/dates/timeZoneNames/zone[@type="Indian/Comoro"]/exemplarCity		Comoro	Comoro	Comores	Comores	Moderate				5
Translations	Timezones	Africa	zone	Indian/Kerguelen			0	//ldml/dates/timeZoneNames/zone[@type="Indian/Kerguelen"]/exemplarCity		Kerguelen	Kerguelen	Kerguelen	Kerguelen	Moderate				5
Translations	Timezones	Africa	zone	Indian/Mahe			0	//ldml/dates/timeZoneNames/zone[@type="Indian/Mahe"]/exemplarCity		Mahe	Mahe	Mahé	Mahé	Moderate				5
Translations	Timezones	SouthernAsia	zone	Indian/Maldives			0	//ldml/dates/timeZoneNames/zone[@type="Indian/Maldives"]/exemplarCity		Maldives	Maldives	Maldives	Maldives	Moderate				5
Translations	Timezones	Africa	zone	Indian/Mauritius			0	//ldml/dates/timeZoneNames/zone[@type="Indian/Mauritius"]/exemplarCity		Mauritius	Mauritius	Maurice	Maurice	Moderate				5
Translations	Timezones	Africa	zone	Indian/Mayotte			0	//ldml/dates/timeZoneNames/zone[@type="Indian/Mayotte"]/exemplarCity		Mayotte	Mayotte	Mayotte	Mayotte	Moderate				5
Translations	Timezones	Africa	zone	Indian/Reunion			0	//ldml/dates/timeZoneNames/zone[@type="Indian/Reunion"]/exemplarCity		Réunion	Réunion	La Réunion	La Réunion	Moderate				5
Translations	Timezones	Oceania	zone	Pacific/Apia			0	//ldml/dates/timeZoneNames/zone[@type="Pacific/Apia"]/exemplarCity		Apia	Apia	Apia	Apia	Moderate				5
Translations	Timezones	Australasia	zone	Pacific/Auckland			0	//ldml/dates/timeZoneNames/zone[@type="Pacific/Auckland"]/exemplarCity		Auckland	Auckland	Auckland	Auckland	Moderate				5
Translations	Timezones	Oceania	zone	Pacific/Bougainville			0	//ldml/dates/timeZoneNames/zone[@type="Pacific/Bougainville"]/exemplarCity		Bougainville	Bougainville	Bougainville	Bougainville	Moderate				5
Translations	Timezones	Australasia	zone	Pacific/Chatham			0	//ldml/dates/timeZoneNames/zone[@type="Pacific/Chatham"]/exemplarCity		Chatham	Chatham	Chatham	Chatham	Moderate				5
Translations	Timezones	SouthAmerica	zone	Pacific/Easter			0	//ldml/dates/timeZoneNames/zone[@type="Pacific/Easter"]/exemplarCity		Easter	Easter	Île de Pâques	Île de Pâques	Moderate				5
Translations	Timezones	Oceania	zone	Pacific/Efate			0	//ldml/dates/timeZoneNames/zone[@type="Pacific/Efate"]/exemplarCity		Efate	Efate	Éfaté	Éfaté	Moderate				5
Translations	Timezones	Oceania	zone	Pacific/Enderbury			0	//ldml/dates/timeZoneNames/zone[@type="Pacific/Enderbury"]/exemplarCity		Enderbury		Enderbury	Enderbury	Moderate				5
Translations	Timezones	Oceania	zone	Pacific/Fakaofo			0	//ldml/dates/timeZoneNames/zone[@type="Pacific/Fakaofo"]/exemplarCity		Fakaofo	Fakaofo	Fakaofo	Fakaofo	Moderate				5
Translations	Timezones	Oceania	zone	Pacific/Fiji			0	//ldml/dates/timeZoneNames/zone[@type="Pacific/Fiji"]/exemplarCity		Fiji	Fiji	Fidji	Fidji	Moderate				5
Translations	Timezones	Oceania	zone	Pacific/Funafuti			0	//ldml/dates/timeZoneNames/zone[@type="Pacific/Funafuti"]/exemplarCity		Funafuti	Funafuti	Funafuti	Funafuti	Moderate				5
Translations	Timezones	SouthAmerica	zone	Pacific/Galapagos			0	//ldml/dates/timeZoneNames/zone[@type="Pacific/Galapagos"]/exemplarCity		Galapagos	Galapagos	Galápagos	Galápagos	Moderate				5
Translations	Timezones	Oceania	zone	Pacific/Gambier			0	//ldml/dates/timeZoneNames/zone[@type="Pacific/Gambier"]/exemplarCity		Gambier	Gambier	Gambier	Gambier	Moderate				5
Translations	Timezones	Oceania	zone	Pacific/Guadalcanal			0	//ldml/dates/timeZoneNames/zone[@type="Pacific/Guadalcanal"]/exemplarCity		Guadalcanal	Guadalcanal	Guadalcanal	Guadalcanal	Moderate				5
Translations	Timezones	Oceania	zone	Pacific/Guam			0	//ldml/dates/timeZoneNames/zone[@type="Pacific/Guam"]/exemplarCity		Guam	Guam	Guam	Guam	Moderate				5
Translations	Timezones	NorthAmerica	zone	Pacific/Honolulu			0	//ldml/dates/timeZoneNames/zone[@type="Pacific/Honolulu"]/exemplarCity		Honolulu 		Honolulu	Honolulu	Moderate				5
Translations	Timezones	Oceania	zone	Pacific/Kanton			0	//ldml/dates/timeZoneNames/zone[@type="Pacific/Kanton"]/exemplarCity		Kanton	Kanton	Canton	Canton	Moderate				5
Translations	Timezones	Oceania	zone	Pacific/Kiritimati			0	//ldml/dates/timeZoneNames/zone[@type="Pacific/Kiritimati"]/exemplarCity		Kiritimati	Kiritimati	Kiritimati	Kiritimati	Moderate				5
Translations	Timezones	Oceania	zone	Pacific/Kosrae			0	//ldml/dates/timeZoneNames/zone[@type="Pacific/Kosrae"]/exemplarCity		Kosrae	Kosrae	Kosrae	Kosrae	Moderate				5
Translations	Timezones	Oceania	zone	Pacific/Kwajalein			0	//ldml/dates/timeZoneNames/zone[@type="Pacific/Kwajalein"]/exemplarCity		Kwajalein	Kwajalein	Kwajalein	Kwajalein	Moderate				5
Translations	Timezones	Oceania	zone	Pacific/Majuro			0	//ldml/dates/timeZoneNames/zone[@type="Pacific/Majuro"]/exemplarCity		Majuro	Majuro	Majuro	Majuro	Moderate				5
Translations	Timezones	Oceania	zone	Pacific/Marquesas			0	//ldml/dates/timeZoneNames/zone[@type="Pacific/Marquesas"]/exemplarCity		Marquesas	Marquesas	Marquises	Marquises	Moderate				5
Translations	Timezones	Oceania	zone	Pacific/Midway			0	//ldml/dates/timeZoneNames/zone[@type="Pacific/Midway"]/exemplarCity		Midway	Midway	Midway	Midway	Moderate				5
Translations	Timezones	Oceania	zone	Pacific/Nauru			0	//ldml/dates/timeZoneNames/zone[@type="Pacific/Nauru"]/exemplarCity		Nauru	Nauru	Nauru	Nauru	Moderate				5
Translations	Timezones	Oceania	zone	Pacific/Niue			0	//ldml/dates/timeZoneNames/zone[@type="Pacific/Niue"]/exemplarCity		Niue	Niue	Niue	Niue	Moderate				5
Translations	Timezones	Australasia	zone	Pacific/Norfolk			0	//ldml/dates/timeZoneNames/zone[@type="Pacific/Norfolk"]/exemplarCity		Norfolk	Norfolk	Norfolk	Norfolk	Moderate				5
Translations	Timezones	Oceania	zone	Pacific/Noumea			0	//ldml/dates/timeZoneNames/zone[@type="Pacific/Noumea"]/exemplarCity		Noumea	Noumea	Nouméa	Nouméa	Moderate				5
Translations	Timezones	Oceania	zone	Pacific/Pago_Pago			0	//ldml/dates/timeZoneNames/zone[@type="Pacific/Pago_Pago"]/exemplarCity		Pago Pago	Pago Pago	Pago Pago	Pago Pago	Moderate				5
Translations	Timezones	Oceania	zone	Pacific/Palau			0	//ldml/dates/timeZoneNames/zone[@type="Pacific/Palau"]/exemplarCity		Palau	Palau	Palaos	Palaos	Moderate				5
Translations	Timezones	Oceania	zone	Pacific/Pitcairn			0	//ldml/dates/timeZoneNames/zone[@type="Pacific/Pitcairn"]/exemplarCity		Pitcairn	Pitcairn	Pitcairn	Pitcairn	Moderate				5
Translations	Timezones	Oceania	zone	Pacific/Ponape			0	//ldml/dates/timeZoneNames/zone[@type="Pacific/Ponape"]/exemplarCity		Pohnpei	Pohnpei	Pohnpei	Pohnpei	Moderate				5
Translations	Timezones	Oceania	zone	Pacific/Port_Moresby			0	//ldml/dates/timeZoneNames/zone[@type="Pacific/Port_Moresby"]/exemplarCity		Port Moresby	Port Moresby	Port Moresby	Port Moresby	Moderate				5
Translations	Timezones	Oceania	zone	Pacific/Rarotonga			0	//ldml/dates/timeZoneNames/zone[@type="Pacific/Rarotonga"]/exemplarCity		Rarotonga	Rarotonga	Rarotonga	Rarotonga	Moderate				5
Translations	Timezones	Oceania	zone	Pacific/Saipan			0	//ldml/dates/timeZoneNames/zone[@type="Pacific/Saipan"]/exemplarCity		Saipan	Saipan	Saipan	Saipan	Moderate				5
Translations	Timezones	Oceania	zone	Pacific/Tahiti			0	//ldml/dates/timeZoneNames/zone[@type="Pacific/Tahiti"]/exemplarCity		Tahiti	Tahiti	Tahiti	Tahiti	Moderate				5
Translations	Timezones	Oceania	zone	Pacific/Tarawa			0	//ldml/dates/timeZoneNames/zone[@type="Pacific/Tarawa"]/exemplarCity		Tarawa	Tarawa	Tarawa	Tarawa	Moderate				5
Translations	Timezones	Oceania	zone	Pacific/Tongatapu			0	//ldml/dates/timeZoneNames/zone[@type="Pacific/Tongatapu"]/exemplarCity		Tongatapu	Tongatapu	Tongatapu	Tongatapu	Moderate				5
Translations	Timezones	Oceania	zone	Pacific/Truk			0	//ldml/dates/timeZoneNames/zone[@type="Pacific/Truk"]/exemplarCity		Chuuk	Chuuk	Chuuk	Chuuk	Moderate				5
Translations	Timezones	Oceania	zone	Pacific/Wake			0	//ldml/dates/timeZoneNames/zone[@type="Pacific/Wake"]/exemplarCity		Wake	Wake	Wake	Wake	Moderate				5
Translations	Timezones	Oceania	zone	Pacific/Wallis			0	//ldml/dates/timeZoneNames/zone[@type="Pacific/Wallis"]/exemplarCity		Wallis	Wallis	Wallis	Wallis	Moderate				5
Translations	Paragraphs		Bio	1				//ldml/silicon/translations/Bio/1	Tom Bio	Tom Mullaney is Director of SILICON. He is Professor of Chinese History at Stanford University and Director of Stanford's Science, Technology and Society Program. He is a Guggenheim Fellow and the recipient of Stanford’s highest award for excellence in teaching, the Gores Award. His books include How We Disappear: A Personal History of Information (W.W. Norton, Forthcoming 2026), The Chinese Computer: A Global History of the Information Age (MIT Press 2024), Where Research Begins (University of Chicago Press, 2022, with Christopher Rea), The Chinese Typewriter: A History (MIT Press 2017), and Coming to Terms with the Nation: Ethnic Classification in Modern China (UC Press, 2010), among other works. His writings have appeared in Fast Company, MIT Technology Review, Quartz, the South China Morning Post, TechCrunch, the Journal of Asian Studies, Technology & Culture, Foreign Affairs, and Foreign Policy. His work has been featured in RadioLab, The Atlantic, the BBC, and in invited lectures at OpenAI, IBM, Google, Microsoft, Adobe, and more. He earned his BA and MA from the Johns Hopkins University, and his PhD from Columbia University.								2_2
Translations	Paragraphs		Bio	2				//ldml/silicon/translations/Bio/2	Audrey Bio	Audrey Gao is the Project Coordinator for SILICON. She holds a B.A. from Emory University in philosophy and political science. Prior to joining Stanford, Audrey managed a team of undergraduate researchers focused on West African economic development and gender equality in Benin. She has also contributed to research projects investigating propaganda in Indian national elections and the role of race and ethnicity in congressional immigration voting records. During her time at the Georgia Innocence Project, Audrey worked with legislatures to advance wrongful conviction compensation legislation and evidence storage reform. A native speaker of Mandarin Chinese, Audrey studied German while studying abroad in Wiesbaden.								2_2
Translations	Paragraphs		Bio	3				//ldml/silicon/translations/Bio/3	Elaine Bio	Elaine Treharne is Associate Director of SILICON. She is the Senior Associate Vice Provost for Undergraduate Education and the Roberta Bowman Denning Professor of the Humanities, Professor of English, Courtesy Professor of German Studies and of Comparative Literature, and the Robert K. Packard Fellow in Undergraduate Education at Stanford University. She is a medievalist, focusing on Manuscript and Archival Studies, Early British Literary Studies, and the long History of Text Technologies. She has published thirty-eight books and some eighty articles on these areas.								2_2
Translations	Paragraphs		CLDR	1				//ldml/silicon/translations/CLDR/1	CLDR-1	CLDR (the Common Locale Data Repository) is a global database created by the Unicode Consortium, a not-for-profit global organization. CLDR helps computers work correctly in different languages. It includes things like the names of months and days, date and number formats, and other language rules that phones, websites, and apps rely on. In practice, the only way for most modern software to support a language properly is for that language to be included in CLDR. CLDR is the largest and most comprehensive shared database of language and regional information available today.								2_2
Translations	Paragraphs		CLDR	2				//ldml/silicon/translations/CLDR/2	CLDR-2	Anyone can view CLDR data, but improving it and adding to it is a detailed process. Two times each year, volunteers and language experts can propose new translations, fix mistakes, discuss disagreements, and vote on what best represents real language use. They can also add new languages to CLDR, helping their languages become part of the digital age.								2_2
Translations	Paragraphs		CLDR	3				//ldml/silicon/translations/CLDR/3	CLDR-3	Instead of decisions being made by a small group behind closed doors, CLDR is shaped through open discussion and review. After several stages of checking and approval, the final data is released and used by billions of devices and applications around the world.								2_2
Translations	CLDRTicket		CLDR Ticket	1				//ldml/silicon/translations/CLDR Ticket/1	CLDR Ticket-1	How to Report a Problem or Request a Change in Unicode CLDR								2_2
Translations	CLDRTicket		CLDR Ticket	10				//ldml/silicon/translations/CLDR Ticket/10	CLDR Ticket-10	Your ticket will now be visible to the CLDR team and other contributors.								2_2
Translations	CLDRTicket		CLDR Ticket	11				//ldml/silicon/translations/CLDR Ticket/11	CLDR Ticket-11	Once submitted, your ticket becomes part of the official CLDR review process, where it can be discussed, clarified, and—if appropriate—used to improve how your language is handled in Unicode CLDR.								2_2
Translations	CLDRTicket		CLDR Ticket	2				//ldml/silicon/translations/CLDR Ticket/2	CLDR Ticket-2	If you discover a problem with how Unicode CLDR represents your language—such as incorrect names, formats, translations, or missing data—you can report it by filing a “ticket.”								2_2
Translations	CLDRTicket		CLDR Ticket	3				//ldml/silicon/translations/CLDR Ticket/3	CLDR Ticket-3	What does “ticket” mean?								2_2
Translations	CLDRTicket		CLDR Ticket	4				//ldml/silicon/translations/CLDR Ticket/4	CLDR Ticket-4	A ticket is simply a formal request or report.								2_2
Translations	CLDRTicket		CLDR Ticket	5				//ldml/silicon/translations/CLDR Ticket/5	CLDR Ticket-5	It is a way to:\n\n- report a problem or error\n\n- ask a question\n\n- request a correction or improvement								2_2
Translations	CLDRTicket		CLDR Ticket	6				//ldml/silicon/translations/CLDR Ticket/6	CLDR Ticket-6	Think of a ticket as submitting a written issue that the Unicode CLDR team can track, discuss, and respond to.								2_2
Translations	CLDRTicket		CLDR Ticket	7				//ldml/silicon/translations/CLDR Ticket/7	CLDR Ticket-7	Where to File a Ticket\n\nAll CLDR tickets are filed on Unicode’s issue-tracking website (called Jira):\n\nhttps://unicode-org.atlassian.net/projects/CLDR/								2_2
Translations	CLDRTicket		CLDR Ticket	8				//ldml/silicon/translations/CLDR Ticket/8	CLDR Ticket-8	How to File a Ticket (Step by Step)\n\nLog in to Jira\n\nYou must have a Jira account to file a ticket.\n\nIf you do not already have one, you can request a Jira account from the site.\n\nClick “Create”\n\nOnce logged in, click the red “Create” button at the top of the page.\n\nThis opens a form for submitting your ticket.\n\nDescribe the problem or request\n\nClearly explain what is wrong or what needs to be changed in CLDR.\n\nInclude examples if possible (for example, how something should appear in your language).\n\nChoose a component								2_2
Translations	CLDRTicket		CLDR Ticket	9				//ldml/silicon/translations/CLDR Ticket/9	CLDR Ticket-9	You will be asked to assign a component (the part of CLDR your issue relates to).\n\nIf you are unsure which one to choose, simply select “unknown.” This is acceptable.\n\nSubmit the ticket\n\nAfter filling out the form, submit it.								2_2
Translations	Paragraphs		KBI	1				//ldml/silicon/translations/KBI/1	KBI-1	Did you know that English has over 1,000,000 fonts? (It's not just Helvetica!) Do you want to design a font for your language? The Donald Knuth & Charles Bigelow Type Design Incubator (KBI), run by SILICON at Stanford University, supports designers working with underrepresented and endangered writing systems.								2_2
Translations	Paragraphs		KBI	2				//ldml/silicon/translations/KBI/2	KBI-2	KBI is an entirely free program, where participants study with world-leading experts to start developing a font for their language. Participants receive expert instruction, structured workshops, and access to professional design software. The program is created for designers who may not have access to formal type design education or established industry networks. \nApplicants must be 18 years of age, or older, and all countries are welcome to apply. 								2_2
Translations	Paragraphs		KBI	3				//ldml/silicon/translations/KBI/3	KBI-3	Visit this website to learn more and to apply.								2_2
Translations	Paragraphs		KBIUX	1				//ldml/silicon/translations/KBIUX/1	KBIUX-1	KBIUX: Multilingual and Multicultural UX/UI Design								2_2
Translations	Paragraphs		KBIUX	2				//ldml/silicon/translations/KBIUX/2	KBIUX-2	KBIUX is a 5-week online course designed for beginners and early-career students (18+ years old) interested in the fundamentals of User Experience (UX) and User Interface (UI) design — with a specific focus on multilingual, multicultural design for under-resourced and digitally disadvantaged languages worldwide.								2_2
Translations	Paragraphs		KBIUX	3				//ldml/silicon/translations/KBIUX/3	KBIUX-3	To learn more, please fill out this short survey:								2_2
Translations	Paragraphs		LexRay	1				//ldml/silicon/translations/LexRay/1	LexRay-1	LexRay is a tool designed by SILICON (Stanford University) to make it easier to contribute language data to the Common Locale Data Repository (CLDR), the open database maintained by the Not-For-Profit global organization, Unicode.								2_2
Translations	Paragraphs		LexRay	2				//ldml/silicon/translations/LexRay/2	LexRay-2	When a phone in the United States shows a date like “November 12,” this is all thanks to CLDR data, which is the only way that computers and phones know how that date should appear in different languages and regions. In Spanish, for example, the same date becomes “12 de noviembre.” Different word order, different structure, same meaning. CLDR encodes these patterns so operating systems, apps, and websites can localize content correctly worldwide.								2_2
Translations	Paragraphs		LexRay	3				//ldml/silicon/translations/LexRay/3	LexRay-3	Out of roughly 7,000 human languages, the vast majority are not included in the CLDR database. Adding a language to the CLDR is therefore not just a technical step—it is a foundational act of empowering language communities to participate in the digital age.								2_2
Translations	Paragraphs		LexRay	4				//ldml/silicon/translations/LexRay/4	LexRay-4	But working with the CLDR can be difficult, however. Beyond speaking your mother tongue, you must also understand CLDR “patterns” (such as "d 'de' MMMM" which is the pattern for "12 de noviembre" mentioned above). This technical requirement is often a major barrier.								2_2
Translations	Paragraphs		LexRay	5				//ldml/silicon/translations/LexRay/5	LexRay-5	LexRay removes this obstacle. Instead of having to learn CLDR patterns, LexRay lets you work entirely in your language. You simply write in regular dates—such as “12 de noviembre”—and LexRay generates the correct CLDR pattern automatically.								2_2
Translations	Paragraphs		Local Organization Form	1				//ldml/silicon/translations/Local Organization Form/1	Local Organization Form-1	Survey Form								2_2
Translations	Paragraphs		Local Organization Form	2				//ldml/silicon/translations/Local Organization Form/2	Local Organization Form-2	What is your email address?								2_2
Translations	Paragraphs		Local Organization Form	3				//ldml/silicon/translations/Local Organization Form/3	Local Organization Form-3	What is your full name?								2_2
Translations	Paragraphs		Local Organization Form	4				//ldml/silicon/translations/Local Organization Form/4	Local Organization Form-4	Which language do you wish to contribute data for?								2_2
Translations	Paragraphs		Local Organization Form	5				//ldml/silicon/translations/Local Organization Form/5	Local Organization Form-5	What is your background with this language? Is your relationship with this language social, academic, and/or professional? Please share as much information as you can.								2_2
Translations	Paragraphs		Local Organization Form	6				//ldml/silicon/translations/Local Organization Form/6	Local Organization Form-6	What organizations are you part of, and what is this organization's relationship with the language? For example, you could be part of an academic institution, a non-profit organization that focuses on this language, a government ministry focused on language, or a company that uses this language in its work.								2_2
Translations	LanguageNames	Secondary	LocaleDisplayNames	aa				//ldml/localeDisplayNames/languages/language[@type="aa"]		Afar		afar		Basic if Local				2_1
Translations	LanguageNames	Secondary	LocaleDisplayNames	abr				//ldml/localeDisplayNames/languages/language[@type="abr"]		Abron				Basic if Local				2_1
Translations	LanguageNames	Secondary	LocaleDisplayNames	ada				//ldml/localeDisplayNames/languages/language[@type="ada"]		Dangme		adangme		Basic if Local				2_1
Translations	LanguageNames	Secondary	LocaleDisplayNames	ak				//ldml/localeDisplayNames/languages/language[@type="ak"]		Akan		akan		Basic if Local				2_1
Translations	LanguageNames	Secondary	LocaleDisplayNames	ann				//ldml/localeDisplayNames/languages/language[@type="ann"]		Obolo		obolo		Basic if Local				2_1
Translations	LanguageNames	Secondary	LocaleDisplayNames	any				//ldml/localeDisplayNames/languages/language[@type="any"]		Anyin				Basic if Local				2_1
Translations	LanguageNames		LocaleDisplayNames	ar				//ldml/localeDisplayNames/languages/language[@type="ar"]	uli-594_72	Arabic		arabe		Basic if Local				2_1
Translations	LanguageNames	Secondary	LocaleDisplayNames	az				//ldml/localeDisplayNames/languages/language[@type="az"]		Azerbaijani		azerbaïdjanais		Basic if Local				2_1
Translations	LanguageNames	Secondary	LocaleDisplayNames	bax				//ldml/localeDisplayNames/languages/language[@type="bax"]		Bamun		bamoun		Basic if Local				2_1
Translations	LanguageNames	Secondary	LocaleDisplayNames	bcc				//ldml/localeDisplayNames/languages/language[@type="bcc"]		Southern Balochi				Basic if Local				2_1
Translations	LanguageNames	Secondary	LocaleDisplayNames	bci				//ldml/localeDisplayNames/languages/language[@type="bci"]		Baoulé				Basic if Local				2_1
Translations	LanguageNames	Secondary	LocaleDisplayNames	bem				//ldml/localeDisplayNames/languages/language[@type="bem"]		Bemba		bemba		Basic if Local				2_1
Translations	LanguageNames	Secondary	LocaleDisplayNames	bev				//ldml/localeDisplayNames/languages/language[@type="bev"]		Daloa Bété				Basic if Local				2_1
Translations	LanguageNames	Secondary	LocaleDisplayNames	bgn				//ldml/localeDisplayNames/languages/language[@type="bgn"]		Western Balochi		baloutchi occidental		Basic if Local				2_1
Translations	LanguageNames	Secondary	LocaleDisplayNames	bgp				//ldml/localeDisplayNames/languages/language[@type="bgp"]		Eastern Balochi				Basic if Local				2_1
Translations	LanguageNames	Secondary	LocaleDisplayNames	bho				//ldml/localeDisplayNames/languages/language[@type="bho"]		Bhojpuri		bhodjpouri		Basic if Local				2_1
Translations	LanguageNames	Secondary	LocaleDisplayNames	bs				//ldml/localeDisplayNames/languages/language[@type="bs"]		Bosnian		bosniaque		Basic if Local				2_1
Translations	LanguageNames	Secondary	LocaleDisplayNames	ceb				//ldml/localeDisplayNames/languages/language[@type="ceb"]		Cebuano		cebuano		Basic if Local				2_1
Translations	LanguageNames	Secondary	LocaleDisplayNames	cgg				//ldml/localeDisplayNames/languages/language[@type="cgg"]		Chiga		kiga		Basic if Local				2_1
Translations	LanguageNames	Secondary	LocaleDisplayNames	dag				//ldml/localeDisplayNames/languages/language[@type="dag"]		Dagbani				Basic if Local				2_1
Translations	LanguageNames		LocaleDisplayNames	de				//ldml/localeDisplayNames/languages/language[@type="de"]	uli-594_73	German		allemand		Basic if Local				2_1
Translations	LanguageNames	Secondary	LocaleDisplayNames	dua				//ldml/localeDisplayNames/languages/language[@type="dua"]		Duala		douala		Basic if Local				2_1
Translations	LanguageNames	Secondary	LocaleDisplayNames	dyo				//ldml/localeDisplayNames/languages/language[@type="dyo"]		Jola-Fonyi		diola-fogny		Basic if Local				2_1
Translations	LanguageNames	Secondary	LocaleDisplayNames	dyu				//ldml/localeDisplayNames/languages/language[@type="dyu"]		Dyula		dioula		Basic if Local				2_1
Translations	LanguageNames	Secondary	LocaleDisplayNames	ee				//ldml/localeDisplayNames/languages/language[@type="ee"]		Ewe		éwé		Basic if Local				2_1
Translations	LanguageNames		LocaleDisplayNames	en				//ldml/localeDisplayNames/languages/language[@type="en"]	uli-594_67	English		anglais		Basic				2_1
Translations	LanguageNames		LocaleDisplayNames	es				//ldml/localeDisplayNames/languages/language[@type="es"]	uli-594_70	Spanish		espagnol		Basic if Local				2_1
Translations	LanguageNames	Secondary	LocaleDisplayNames	ewo				//ldml/localeDisplayNames/languages/language[@type="ewo"]		Ewondo		éwondo		Basic if Local				2_1
Translations	LanguageNames	Secondary	LocaleDisplayNames	fo				//ldml/localeDisplayNames/languages/language[@type="fo"]		Faroese		féroïen		Basic if Local				2_1
Translations	LanguageNames		LocaleDisplayNames	fr				//ldml/localeDisplayNames/languages/language[@type="fr"]	uli-594_69	French		français		Basic if Local				2_1
Translations	LanguageNames	Secondary	LocaleDisplayNames	ful				//ldml/localeDisplayNames/languages/language[@type="ful"]		Fulah		peul		Basic if Local				2_1
Translations	LanguageNames	Secondary	LocaleDisplayNames	gaa				//ldml/localeDisplayNames/languages/language[@type="gaa"]		Ga		ga		Basic if Local				2_1
Translations	LanguageNames	Secondary	LocaleDisplayNames	ha				//ldml/localeDisplayNames/languages/language[@type="ha"]		Hausa		haoussa		Basic if Local				2_1
Translations	LanguageNames	Secondary	LocaleDisplayNames	hr				//ldml/localeDisplayNames/languages/language[@type="hr"]		Croatian		croate		Basic if Local				5
Translations	LanguageNames	Secondary	LocaleDisplayNames	kam				//ldml/localeDisplayNames/languages/language[@type="kam"]		Kamba		kamba		Basic if Local				2_1
Translations	LanguageNames	Secondary	LocaleDisplayNames	kln				//ldml/localeDisplayNames/languages/language[@type="kln"]		Kalenjin		kalendjin		Basic if Local				2_1
Translations	LanguageNames	Secondary	LocaleDisplayNames	kpe				//ldml/localeDisplayNames/languages/language[@type="kpe"]		Kpelle		kpellé		Basic if Local				2_1
Translations	LanguageNames	Secondary	LocaleDisplayNames	ku				//ldml/localeDisplayNames/languages/language[@type="ku"]		Kurdish		kurde		Basic if Local				2_1
Translations	LanguageNames	Secondary	LocaleDisplayNames	lag				//ldml/localeDisplayNames/languages/language[@type="lag"]		Langi		langi		Basic if Local				2_1
Translations	LanguageNames	Secondary	LocaleDisplayNames	lb				//ldml/localeDisplayNames/languages/language[@type="lb"]		Luxembourgish		luxembourgeois		Basic if Local				2_1
Translations	LanguageNames	Secondary	LocaleDisplayNames	lg				//ldml/localeDisplayNames/languages/language[@type="lg"]		Ganda		ganda		Basic if Local				2_1
Translations	LanguageNames	Secondary	LocaleDisplayNames	lub				//ldml/localeDisplayNames/languages/language[@type="lub"]		Luba-Katanga				Basic if Local				2_1
Translations	LanguageNames	Secondary	LocaleDisplayNames	mas				//ldml/localeDisplayNames/languages/language[@type="mas"]		Masai		massaï		Basic if Local				2_1
Translations	LanguageNames	Secondary	LocaleDisplayNames	mfe				//ldml/localeDisplayNames/languages/language[@type="mfe"]		Morisyen		créole mauricien		Basic if Local				2_1
Translations	LanguageNames	Secondary	LocaleDisplayNames	mg				//ldml/localeDisplayNames/languages/language[@type="mg"]		Malagasy		malgache		Basic if Local				2_1
Translations	LanguageNames	Secondary	LocaleDisplayNames	mn				//ldml/localeDisplayNames/languages/language[@type="mn"]		Mongolian		mongol		Basic if Local				2_1
Translations	LanguageNames	Secondary	LocaleDisplayNames	mt				//ldml/localeDisplayNames/languages/language[@type="mt"]		Maltese		maltais		Basic if Local				2_1
Translations	LanguageNames	Secondary	LocaleDisplayNames	nd				//ldml/localeDisplayNames/languages/language[@type="nd"]		Ndebele		ndébélé du Nord		Basic if Local				2_1
Translations	LanguageNames	Secondary	LocaleDisplayNames	nku				//ldml/localeDisplayNames/languages/language[@type="nku"]		Bouna Kulango				Basic if Local				2_1
Translations	LanguageNames		LocaleDisplayNames	nl				//ldml/localeDisplayNames/languages/language[@type="nl"]	uli-594_75	Dutch		néerlandais		Basic if Local				2_1
Translations	LanguageNames	Secondary	LocaleDisplayNames	nso				//ldml/localeDisplayNames/languages/language[@type="nso"]		Northern Sotho		sotho du Nord		Basic if Local				2_1
Translations	LanguageNames	Secondary	LocaleDisplayNames	nus				//ldml/localeDisplayNames/languages/language[@type="nus"]		Nuer		nuer		Basic if Local				2_1
Translations	LanguageNames	Secondary	LocaleDisplayNames	nyn				//ldml/localeDisplayNames/languages/language[@type="nyn"]		Nyankore		nyankolé		Basic if Local				2_1
Translations	LanguageNames	Secondary	LocaleDisplayNames	om				//ldml/localeDisplayNames/languages/language[@type="om"]		Oromo		oromo		Basic if Local				2_1
Translations	LanguageNames	Secondary	LocaleDisplayNames	pap				//ldml/localeDisplayNames/languages/language[@type="pap"]		Papiamentu		papiamento		Basic if Local				2_1
Translations	LanguageNames	Secondary	LocaleDisplayNames	pnb				//ldml/localeDisplayNames/languages/language[@type="pnb"]		Western Panjabi				Basic if Local				2_1
Translations	LanguageNames		LocaleDisplayNames	pt				//ldml/localeDisplayNames/languages/language[@type="pt"]	uli-594_71	Portuguese		portugais		Basic if Local				2_1
Translations	LanguageNames	Secondary	LocaleDisplayNames	rhg				//ldml/localeDisplayNames/languages/language[@type="rhg"]		Rohingya		rohingya		Basic if Local				2_1
Translations	LanguageNames		LocaleDisplayNames	ru				//ldml/localeDisplayNames/languages/language[@type="ru"]	uli-594_74	Russian		russe		Basic if Local				2_1
Translations	LanguageNames	Secondary	LocaleDisplayNames	rw				//ldml/localeDisplayNames/languages/language[@type="rw"]		Kinyarwanda		rwanda		Basic if Local				2_1
Translations	LanguageNames	Secondary	LocaleDisplayNames	rwk				//ldml/localeDisplayNames/languages/language[@type="rwk"]		Rwa		rwa		Basic if Local				2_1
Translations	LanguageNames	Secondary	LocaleDisplayNames	sg				//ldml/localeDisplayNames/languages/language[@type="sg"]		Sango		sango		Basic if Local				2_1
Translations	LanguageNames	Secondary	LocaleDisplayNames	sn				//ldml/localeDisplayNames/languages/language[@type="sn"]		Shona		shona		Basic if Local				2_1
Translations	LanguageNames	Secondary	LocaleDisplayNames	sr				//ldml/localeDisplayNames/languages/language[@type="sr"]		Serbian		serbe		Basic if Local				5
Translations	LanguageNames	Secondary	LocaleDisplayNames	sr-Latn				//ldml/localeDisplayNames/languages/language[@type="sr-Latn"]		Serbian (Latin)		serbe (latin)		Basic if Local				5
Translations	LanguageNames	Secondary	LocaleDisplayNames	ss				//ldml/localeDisplayNames/languages/language[@type="ss"]		Swati		swati		Basic if Local				2_1
Translations	LanguageNames	Secondary	LocaleDisplayNames	st				//ldml/localeDisplayNames/languages/language[@type="st"]		Southern Sotho		sotho du Sud		Basic if Local				2_1
Translations	LanguageNames	Secondary	LocaleDisplayNames	tg				//ldml/localeDisplayNames/languages/language[@type="tg"]		Tajik		tadjik		Basic if Local				2_1
Translations	LanguageNames	Secondary	LocaleDisplayNames	tig				//ldml/localeDisplayNames/languages/language[@type="tig"]		Tigre		tigré		Basic if Local				2_1
Translations	LanguageNames	Secondary	LocaleDisplayNames	tn				//ldml/localeDisplayNames/languages/language[@type="tn"]		Tswana		tswana		Basic if Local				2_1
Translations	LanguageNames	Secondary	LocaleDisplayNames	ts				//ldml/localeDisplayNames/languages/language[@type="ts"]		Tsonga		tsonga		Basic if Local				2_1
Translations	LanguageNames	Secondary	LocaleDisplayNames	uz				//ldml/localeDisplayNames/languages/language[@type="uz"]		Uzbek		ouzbek		Basic if Local				2_1
Translations	LanguageNames	Secondary	LocaleDisplayNames	ve				//ldml/localeDisplayNames/languages/language[@type="ve"]		Venda		venda		Basic if Local				2_1
Translations	LanguageNames	Secondary	LocaleDisplayNames	vmw				//ldml/localeDisplayNames/languages/language[@type="vmw"]		Makhuwa		macua		Basic if Local				2_1
Translations	LanguageNames	Secondary	LocaleDisplayNames	wo				//ldml/localeDisplayNames/languages/language[@type="wo"]		Wolof		wolof		Basic if Local				2_1
Translations	LanguageNames	Secondary	LocaleDisplayNames	xog				//ldml/localeDisplayNames/languages/language[@type="xog"]		Soga		soga		Basic if Local				2_1
Translations	LanguageNames	Secondary	LocaleDisplayNames	zgh				//ldml/localeDisplayNames/languages/language[@type="zgh"]		Standard Moroccan Tamazight		amazighe standard marocain		Basic if Local				2_1
Translations	LanguageNames		LocaleDisplayNames	zh				//ldml/localeDisplayNames/languages/language[@type="zh"]	uli-594_68	Chinese		chinois		Basic if Local				2_1
Translations	LanguageNames	Secondary	LocaleDisplayNames	zlm				//ldml/localeDisplayNames/languages/language[@type="zlm"]		Malay		malai		Basic if Local				2_1
Translations	Paragraphs		MokBlok	1				//ldml/silicon/translations/MokBlok/1	MokBlok-1	MokBlok helps people check whether their translations make sense when used in real apps. Language data often looks correct in a list but causes problems when displayed in calendars, menus, or interfaces.								2_2
Translations	Paragraphs		MokBlok	2				//ldml/silicon/translations/MokBlok/2	MokBlok-2	MokBlok takes translation data and automatically places it into realistic app screens, such as calendars or health apps. Contributors can see exactly how their language appears and quickly spot mistakes or awkward phrasing.								2_2
Translations	Paragraphs		MokBlok	3				//ldml/silicon/translations/MokBlok/3	MokBlok-3	MokBlok also provides examples of how other languages are used in digital interfaces. This is especially helpful for designers working with languages that are rarely supported and lack design references.								2_2
Translations	Paragraphs		MokBlok	4				//ldml/silicon/translations/MokBlok/4	MokBlok-4	MokBlok makes it easier to review language data visually, instead of relying only on tables or text lists.								2_2
Translations	Paragraphs		Practitioners Program Call	1				//ldml/silicon/translations/Practitioners Program Call/1	Practitioners Program Call-1	SILICON Practitioners Program – Call for Proposals								2_2
Translations	Paragraphs		Practitioners Program Call	2				//ldml/silicon/translations/Practitioners Program Call/2	Practitioners Program Call-2	The SILICON Practitioners Program supports practitioners working to expand the digital presence of underrepresented languages. This program provides small grants to individuals with concrete, impact-driven projects that advance language inclusion across digital systems. Practitioners are supported by SILICON, a Stanford-based initiative focused on building durable, community-centered language infrastructure.								2_2
Translations	Paragraphs		Practitioners Program Call	3				//ldml/silicon/translations/Practitioners Program Call/3	Practitioners Program Call-3	The program is designed for people who are already doing the work or are ready to begin. Whether you are launching a new project, unblocking stalled progress, or bringing an existing effort to completion, the Practitioners Program offers funding, visibility, and institutional support to help move your work forward.								2_2
Translations	Paragraphs		Practitioners Program Call	4				//ldml/silicon/translations/Practitioners Program Call/4	Practitioners Program Call-4	SILICON invites applications from a wide range of practitioners, including keyboard and app designers, linguistics, type designers, language ethnographers, OCR and machine learning specialists, large language model researchers, and others working at the intersection of language, design, and technology. Projects may focus on one or more living or historic Digitally Disadvantaged Languages and should demonstrate clear goals, measurable progress, and real-world applicability.								2_2
Translations	Paragraphs		Practitioners Program Call	5				//ldml/silicon/translations/Practitioners Program Call/5	Practitioners Program Call-1	Visit this website to learn more and to apply.								2_2
Translations	Paragraphs		Survey Tool					//ldml/silicon/translations/Survey Tool/	Survey Tool	Translations in the Unicode Common Locale Data Repository are collected and managed through an online platform called the Survey Tool. This tool lets people view language data, suggest new translations or corrections, see what others have submitted, and discuss differences to reach agreement. During each submission period, contributors—including members of the Unicode Consortium, organizations, and the general public—are invited to review data for their languages and regions and propose updates. These updates can range from small wording changes to adding support for languages that are entirely new to the repository. Instead of a small group deciding everything in private, the tool lets many contributors discuss and vote, so the data reflects real language use. After several review stages, the approved information becomes part of the CLDR database, which is used by millions of phones, websites, and apps worldwide.								2_2
Translations	TechWords		technology	Airplane				//ldml/silicon/translations/technology/Airplane	uli-594_217	Airplane		Avion						2_1
Translations	TechWords		technology	App				//ldml/silicon/translations/technology/App	uli-594_200	App		Application						2_1
Translations	TechWords		technology	Bank				//ldml/silicon/translations/technology/Bank	uli-594_205	Bank		Banque						2_1
Translations	TechWords		technology	Bus				//ldml/silicon/translations/technology/Bus	uli-594_223	Bus		Bus						2_1
Translations	TechWords		technology	Calendar				//ldml/silicon/translations/technology/Calendar	uli-594_213	Calendar		Calendrier						2_1
Translations	TechWords		technology	Car				//ldml/silicon/translations/technology/Car	uli-594_221	Car		Voiture						2_1
Translations	TechWords		technology	Clock				//ldml/silicon/translations/technology/Clock	uli-594_214	Clock		Horloge						2_1
Translations	TechWords		technology	Computer				//ldml/silicon/translations/technology/Computer	uli-594_197	Computer		Ordinateur						2_1
Translations	TechWords		technology	Correct				//ldml/silicon/translations/technology/Correct	uli-594_195	Correct		Correct						2_1
Translations	TechWords		technology	Doctor				//ldml/silicon/translations/technology/Doctor	uli-594_210	Doctor		Médecin						2_1
Translations	TechWords		technology	Education				//ldml/silicon/translations/technology/Education	uli-594_209	Education		Éducation						2_1
Translations	TechWords		technology	email				//ldml/silicon/translations/technology/email	uli-594_204	email		e-mail						2_1
Translations	TechWords		technology	email address				//ldml/silicon/translations/technology/email address	uli-594_203	email address		adresse email						2_1
Translations	TechWords		technology	Game				//ldml/silicon/translations/technology/Game	uli-594_207	Game		Jeu						2_1
Translations	TechWords		technology	Hospital				//ldml/silicon/translations/technology/Hospital	uli-594_220	Hospital		Hôpital						2_1
Translations	TechWords		technology	Hotel				//ldml/silicon/translations/technology/Hotel	uli-594_216	Hotel		Hôtel						2_1
Translations	TechWords		technology	Incorrect				//ldml/silicon/translations/technology/Incorrect	uli-594_196	Incorrect		Incorrect						2_1
Translations	TechWords		technology	Internet				//ldml/silicon/translations/technology/Internet	uli-594_202	Internet		Internet						2_1
Translations	TechWords		technology	Motocycle				//ldml/silicon/translations/technology/Motocycle	uli-594_222	Motocycle		Moto						2_1
Translations	TechWords		technology	Movie				//ldml/silicon/translations/technology/Movie	uli-594_206	Movie		Film						2_1
Translations	TechWords		technology	Post Office				//ldml/silicon/translations/technology/Post Office	uli-594_225	Post Office		Bureau de poste						2_1
Translations	TechWords		technology	Restaurant				//ldml/silicon/translations/technology/Restaurant	uli-594_219	Restaurant		Restaurant						2_1
Translations	TechWords		technology	School				//ldml/silicon/translations/technology/School	uli-594_211	School		École						2_1
Translations	TechWords		technology	Smart Phone				//ldml/silicon/translations/technology/Smart Phone	uli-594_199	Smart Phone		Smartphone						2_1
Translations	TechWords		technology	Sports				//ldml/silicon/translations/technology/Sports	uli-594_208	Sports		Sportif						2_1
Translations	TechWords		technology	Taxi				//ldml/silicon/translations/technology/Taxi	uli-594_224	Taxi		Taxi						2_1
Translations	TechWords		technology	Telephone				//ldml/silicon/translations/technology/Telephone	uli-594_198	Telephone		Téléphone						2_1
Translations	TechWords		technology	Temperature				//ldml/silicon/translations/technology/Temperature	uli-594_215	Temperature		Température						2_1
Translations	TechWords		technology	Train				//ldml/silicon/translations/technology/Train	uli-594_218	Train		Former						2_1
Translations	TechWords		technology	Weather				//ldml/silicon/translations/technology/Weather	uli-594_212	Weather		Météo						2_1
Translations	TechWords		technology	Website				//ldml/silicon/translations/technology/Website	uli-594_201	Website		Site web						2_1
Quantities	Coordinates	DisplayName	coordinateUnit/displayName				0	//ldml/units/unitLength[@type="long"]/coordinateUnit/displayName	co-5_XXX	cardinal direction	cardinal direction	direction	direction	Moderate				1
Quantities	Coordinates		coordinateUnitPattern	east	long		1	//ldml/units/unitLength[@type="long"]/coordinateUnit/coordinateUnitPattern[@type="east"]	co-3_XXX	2.2945° east	{0} east	2,2945° est	{0} est	Moderate	2.2945°		sub	1
Quantities	Coordinates		coordinateUnitPattern	east	narrow		1	//ldml/units/unitLength[@type="narrow"]/coordinateUnit/coordinateUnitPattern[@type="east"]	co2-3_XXX	2.2945°E	{0}E	2.2945°E	{0}E	Moderate	2.2945°		sub	1
Quantities	Coordinates		coordinateUnitPattern	north	long		1	//ldml/units/unitLength[@type="long"]/coordinateUnit/coordinateUnitPattern[@type="north"]	co-1_XXX	48.8584° north	{0} north	48,8584° nord	{0} nord	Moderate	48.8584°		sub	1
Quantities	Coordinates		coordinateUnitPattern	north	narrow		1	//ldml/units/unitLength[@type="narrow"]/coordinateUnit/coordinateUnitPattern[@type="north"]	co2-1_XXX	48.8584°N	{0}N	48.8584°N	{0}N	Moderate	48.8584°		sub	1
Quantities	Coordinates		coordinateUnitPattern	south	long		1	//ldml/units/unitLength[@type="long"]/coordinateUnit/coordinateUnitPattern[@type="south"]	co-2_XXX	22.5609° south	{0} south	22,5609° sud	{0} sud	Moderate	22.5609° 		sub	1
Quantities	Coordinates		coordinateUnitPattern	south	narrow		1	//ldml/units/unitLength[@type="narrow"]/coordinateUnit/coordinateUnitPattern[@type="south"]	co2-2_XXX	22.5609°S	{0}S	22.5609°S	{0}S	Moderate	22.5609° 		sub	1
Quantities	Coordinates		coordinateUnitPattern	west	long		1	//ldml/units/unitLength[@type="long"]/coordinateUnit/coordinateUnitPattern[@type="west"]	co-4_XXX	0.2057° west	{0} west	0,2057° ouest	{0} ouest	Moderate	0.2057°		sub	1
Quantities	Coordinates		coordinateUnitPattern	west	narrow		1	//ldml/units/unitLength[@type="narrow"]/coordinateUnit/coordinateUnitPattern[@type="west"]	co2-4_XXX	0.2057°W	{0}W	0.2057°O	{0}O	Moderate	0.2057°		sub	1